filepath,label
NUTS/NUTS0146.png,NUTS
SODA/SODA0108.png,SODA
CHOCOLATE/CHOCOLATE0080.png,CHOCOLATE
JUICE/JUICE0113.png,JUICE
SODA/SODA0004.png,SODA
MILK/MILK0029.png,MILK
COFFEE/COFFEE0186.png,COFFEE
HONEY/HONEY0141.png,HONEY
MILK/MILK0146.png,MILK
CHIPS/CHIPS0113.png,CHIPS
SPICES/SPICES0033.png,SPICES
BEANS/BEANS0116.png,BEANS
CHOCOLATE/CHOCOLATE0151.png,CHOCOLATE
TEA/TEA0127.png,TEA
SPICES/SPICES0094.png,SPICES
COFFEE/COFFEE0131.png,COFFEE
OIL/OIL0091.png,OIL
RICE/RICE0125.png,RICE
CHOCOLATE/CHOCOLATE0134.png,CHOCOLATE
CORN/CORN0092.png,CORN
JUICE/JUICE0066.png,JUICE
COFFEE/COFFEE0112.png,COFFEE
SODA/SODA0134.png,SODA
CORN/CORN0003.png,CORN
MILK/MILK0120.png,MILK
JUICE/JUICE0016.png,JUICE
HONEY/HONEY0074.png,HONEY
TOMATO_SAUCE/TOMATO_SAUCE0067.png,TOMATO_SAUCE
VINEGAR/VINEGAR0029.png,VINEGAR
CORN/CORN0012.png,CORN
FLOUR/FLOUR0093.png,FLOUR
WATER/WATER0178.png,WATER
MILK/MILK0148.png,MILK
SODA/SODA0142.png,SODA
JAM/JAM0177.png,JAM
TEA/TEA0069.png,TEA
JAM/JAM0077.png,JAM
OIL/OIL0098.png,OIL
SUGAR/SUGAR0085.png,SUGAR
SODA/SODA0017.png,SODA
MILK/MILK0050.png,MILK
HONEY/HONEY0175.png,HONEY
JAM/JAM0022.png,JAM
CHOCOLATE/CHOCOLATE0103.png,CHOCOLATE
VINEGAR/VINEGAR0051.png,VINEGAR
HONEY/HONEY0056.png,HONEY
HONEY/HONEY0000.png,HONEY
VINEGAR/VINEGAR0122.png,VINEGAR
OIL/OIL0011.png,OIL
CAKE/CAKE0009.png,CAKE
CAKE/CAKE0109.png,CAKE
NUTS/NUTS0106.png,NUTS
PASTA/PASTA0089.png,PASTA
TEA/TEA0198.png,TEA
TEA/TEA0067.png,TEA
JAM/JAM0240.png,JAM
CHOCOLATE/CHOCOLATE0104.png,CHOCOLATE
FISH/FISH0018.png,FISH
CHIPS/CHIPS0158.png,CHIPS
CEREAL/CEREAL0112.png,CEREAL
CANDY/CANDY0347.png,CANDY
CHIPS/CHIPS0092.png,CHIPS
COFFEE/COFFEE0125.png,COFFEE
JUICE/JUICE0231.png,JUICE
CHIPS/CHIPS0106.png,CHIPS
NUTS/NUTS0022.png,NUTS
COFFEE/COFFEE0286.png,COFFEE
FISH/FISH0080.png,FISH
JUICE/JUICE0127.png,JUICE
CAKE/CAKE0096.png,CAKE
CHIPS/CHIPS0107.png,CHIPS
MILK/MILK0017.png,MILK
MILK/MILK0066.png,MILK
CAKE/CAKE0153.png,CAKE
NUTS/NUTS0046.png,NUTS
BEANS/BEANS0104.png,BEANS
CAKE/CAKE0013.png,CAKE
RICE/RICE0026.png,RICE
HONEY/HONEY0096.png,HONEY
JAM/JAM0006.png,JAM
COFFEE/COFFEE0059.png,COFFEE
BEANS/BEANS0010.png,BEANS
CAKE/CAKE0107.png,CAKE
MILK/MILK0160.png,MILK
CEREAL/CEREAL0149.png,CEREAL
CHOCOLATE/CHOCOLATE0031.png,CHOCOLATE
JAM/JAM0196.png,JAM
MILK/MILK0109.png,MILK
SPICES/SPICES0016.png,SPICES
CANDY/CANDY0310.png,CANDY
OIL/OIL0122.png,OIL
JUICE/JUICE0149.png,JUICE
CANDY/CANDY0233.png,CANDY
CORN/CORN0094.png,CORN
TEA/TEA0213.png,TEA
SPICES/SPICES0053.png,SPICES
CANDY/CANDY0301.png,CANDY
RICE/RICE0059.png,RICE
JAM/JAM0108.png,JAM
VINEGAR/VINEGAR0059.png,VINEGAR
SPICES/SPICES0141.png,SPICES
WATER/WATER0176.png,WATER
WATER/WATER0142.png,WATER
RICE/RICE0088.png,RICE
RICE/RICE0064.png,RICE
CANDY/CANDY0028.png,CANDY
CEREAL/CEREAL0227.png,CEREAL
HONEY/HONEY0143.png,HONEY
SPICES/SPICES0094.png,SPICES
NUTS/NUTS0148.png,NUTS
BEANS/BEANS0088.png,BEANS
JUICE/JUICE0205.png,JUICE
RICE/RICE0038.png,RICE
SODA/SODA0010.png,SODA
CORN/CORN0068.png,CORN
VINEGAR/VINEGAR0135.png,VINEGAR
RICE/RICE0004.png,RICE
CORN/CORN0085.png,CORN
JUICE/JUICE0251.png,JUICE
PASTA/PASTA0137.png,PASTA
FLOUR/FLOUR0001.png,FLOUR
TEA/TEA0210.png,TEA
CHIPS/CHIPS0086.png,CHIPS
JUICE/JUICE0056.png,JUICE
FLOUR/FLOUR0021.png,FLOUR
CEREAL/CEREAL0105.png,CEREAL
SPICES/SPICES0137.png,SPICES
JUICE/JUICE0174.png,JUICE
COFFEE/COFFEE0285.png,COFFEE
OIL/OIL0116.png,OIL
CAKE/CAKE0056.png,CAKE
CAKE/CAKE0020.png,CAKE
MILK/MILK0060.png,MILK
CHOCOLATE/CHOCOLATE0000.png,CHOCOLATE
MILK/MILK0138.png,MILK
JAM/JAM0205.png,JAM
BEANS/BEANS0118.png,BEANS
CEREAL/CEREAL0195.png,CEREAL
SODA/SODA0129.png,SODA
TOMATO_SAUCE/TOMATO_SAUCE0110.png,TOMATO_SAUCE
CANDY/CANDY0184.png,CANDY
FLOUR/FLOUR0056.png,FLOUR
CHIPS/CHIPS0085.png,CHIPS
BEANS/BEANS0009.png,BEANS
CORN/CORN0087.png,CORN
NUTS/NUTS0075.png,NUTS
HONEY/HONEY0089.png,HONEY
TOMATO_SAUCE/TOMATO_SAUCE0084.png,TOMATO_SAUCE
CANDY/CANDY0010.png,CANDY
SUGAR/SUGAR0062.png,SUGAR
OIL/OIL0006.png,OIL
CAKE/CAKE0054.png,CAKE
JUICE/JUICE0057.png,JUICE
OIL/OIL0026.png,OIL
CHOCOLATE/CHOCOLATE0137.png,CHOCOLATE
JAM/JAM0128.png,JAM
SODA/SODA0060.png,SODA
JUICE/JUICE0178.png,JUICE
JAM/JAM0051.png,JAM
JUICE/JUICE0021.png,JUICE
CEREAL/CEREAL0003.png,CEREAL
MILK/MILK0113.png,MILK
BEANS/BEANS0016.png,BEANS
TEA/TEA0212.png,TEA
MILK/MILK0059.png,MILK
CHOCOLATE/CHOCOLATE0039.png,CHOCOLATE
CAKE/CAKE0011.png,CAKE
CANDY/CANDY0228.png,CANDY
COFFEE/COFFEE0243.png,COFFEE
FLOUR/FLOUR0050.png,FLOUR
CANDY/CANDY0311.png,CANDY
JUICE/JUICE0167.png,JUICE
JUICE/JUICE0099.png,JUICE
COFFEE/COFFEE0291.png,COFFEE
FLOUR/FLOUR0039.png,FLOUR
RICE/RICE0060.png,RICE
TOMATO_SAUCE/TOMATO_SAUCE0127.png,TOMATO_SAUCE
BEANS/BEANS0090.png,BEANS
JAM/JAM0140.png,JAM
WATER/WATER0073.png,WATER
COFFEE/COFFEE0197.png,COFFEE
CANDY/CANDY0058.png,CANDY
VINEGAR/VINEGAR0115.png,VINEGAR
SPICES/SPICES0072.png,SPICES
TOMATO_SAUCE/TOMATO_SAUCE0027.png,TOMATO_SAUCE
RICE/RICE0046.png,RICE
FLOUR/FLOUR0033.png,FLOUR
JAM/JAM0075.png,JAM
WATER/WATER0158.png,WATER
BEANS/BEANS0119.png,BEANS
WATER/WATER0170.png,WATER
HONEY/HONEY0002.png,HONEY
COFFEE/COFFEE0052.png,COFFEE
SODA/SODA0137.png,SODA
MILK/MILK0149.png,MILK
MILK/MILK0098.png,MILK
HONEY/HONEY0166.png,HONEY
TOMATO_SAUCE/TOMATO_SAUCE0013.png,TOMATO_SAUCE
MILK/MILK0049.png,MILK
SUGAR/SUGAR0004.png,SUGAR
WATER/WATER0225.png,WATER
JUICE/JUICE0135.png,JUICE
SODA/SODA0073.png,SODA
JAM/JAM0148.png,JAM
WATER/WATER0210.png,WATER
TEA/TEA0230.png,TEA
SODA/SODA0009.png,SODA
MILK/MILK0089.png,MILK
HONEY/HONEY0100.png,HONEY
CHIPS/CHIPS0127.png,CHIPS
MILK/MILK0116.png,MILK
COFFEE/COFFEE0229.png,COFFEE
CHIPS/CHIPS0118.png,CHIPS
CHOCOLATE/CHOCOLATE0053.png,CHOCOLATE
CHOCOLATE/CHOCOLATE0099.png,CHOCOLATE
TOMATO_SAUCE/TOMATO_SAUCE0015.png,TOMATO_SAUCE
COFFEE/COFFEE0162.png,COFFEE
FISH/FISH0071.png,FISH
CEREAL/CEREAL0019.png,CEREAL
FISH/FISH0028.png,FISH
JAM/JAM0216.png,JAM
JAM/JAM0076.png,JAM
PASTA/PASTA0045.png,PASTA
CANDY/CANDY0106.png,CANDY
JUICE/JUICE0132.png,JUICE
VINEGAR/VINEGAR0008.png,VINEGAR
CANDY/CANDY0210.png,CANDY
JUICE/JUICE0063.png,JUICE
HONEY/HONEY0075.png,HONEY
OIL/OIL0079.png,OIL
CEREAL/CEREAL0026.png,CEREAL
CEREAL/CEREAL0261.png,CEREAL
SODA/SODA0122.png,SODA
CANDY/CANDY0365.png,CANDY
PASTA/PASTA0025.png,PASTA
SODA/SODA0107.png,SODA
COFFEE/COFFEE0169.png,COFFEE
COFFEE/COFFEE0022.png,COFFEE
BEANS/BEANS0021.png,BEANS
SODA/SODA0141.png,SODA
BEANS/BEANS0102.png,BEANS
COFFEE/COFFEE0275.png,COFFEE
CAKE/CAKE0070.png,CAKE
JAM/JAM0037.png,JAM
JUICE/JUICE0184.png,JUICE
JAM/JAM0161.png,JAM
WATER/WATER0132.png,WATER
TEA/TEA0200.png,TEA
JUICE/JUICE0155.png,JUICE
TEA/TEA0133.png,TEA
SUGAR/SUGAR0034.png,SUGAR
SUGAR/SUGAR0067.png,SUGAR
SPICES/SPICES0044.png,SPICES
WATER/WATER0089.png,WATER
CORN/CORN0004.png,CORN
CANDY/CANDY0200.png,CANDY
JAM/JAM0168.png,JAM
COFFEE/COFFEE0046.png,COFFEE
HONEY/HONEY0168.png,HONEY
JAM/JAM0101.png,JAM
SPICES/SPICES0074.png,SPICES
VINEGAR/VINEGAR0004.png,VINEGAR
CHIPS/CHIPS0087.png,CHIPS
OIL/OIL0138.png,OIL
MILK/MILK0153.png,MILK
FISH/FISH0023.png,FISH
CANDY/CANDY0370.png,CANDY
TOMATO_SAUCE/TOMATO_SAUCE0125.png,TOMATO_SAUCE
NUTS/NUTS0116.png,NUTS
CHIPS/CHIPS0025.png,CHIPS
HONEY/HONEY0078.png,HONEY
TOMATO_SAUCE/TOMATO_SAUCE0034.png,TOMATO_SAUCE
CHIPS/CHIPS0076.png,CHIPS
TOMATO_SAUCE/TOMATO_SAUCE0113.png,TOMATO_SAUCE
RICE/RICE0060.png,RICE
FISH/FISH0050.png,FISH
FISH/FISH0107.png,FISH
FLOUR/FLOUR0038.png,FLOUR
COFFEE/COFFEE0025.png,COFFEE
BEANS/BEANS0087.png,BEANS
CORN/CORN0029.png,CORN
FISH/FISH0001.png,FISH
TEA/TEA0165.png,TEA
CEREAL/CEREAL0250.png,CEREAL
CEREAL/CEREAL0249.png,CEREAL
PASTA/PASTA0019.png,PASTA
TOMATO_SAUCE/TOMATO_SAUCE0143.png,TOMATO_SAUCE
CAKE/CAKE0025.png,CAKE
FLOUR/FLOUR0100.png,FLOUR
MILK/MILK0101.png,MILK
CEREAL/CEREAL0197.png,CEREAL
FLOUR/FLOUR0029.png,FLOUR
CANDY/CANDY0264.png,CANDY
JAM/JAM0174.png,JAM
HONEY/HONEY0028.png,HONEY
TEA/TEA0197.png,TEA
CHOCOLATE/CHOCOLATE0010.png,CHOCOLATE
JAM/JAM0169.png,JAM
HONEY/HONEY0128.png,HONEY
BEANS/BEANS0034.png,BEANS
CANDY/CANDY0044.png,CANDY
HONEY/HONEY0037.png,HONEY
JUICE/JUICE0007.png,JUICE
CANDY/CANDY0332.png,CANDY
VINEGAR/VINEGAR0037.png,VINEGAR
SUGAR/SUGAR0093.png,SUGAR
JAM/JAM0058.png,JAM
SUGAR/SUGAR0097.png,SUGAR
NUTS/NUTS0143.png,NUTS
CEREAL/CEREAL0158.png,CEREAL
SUGAR/SUGAR0063.png,SUGAR
COFFEE/COFFEE0004.png,COFFEE
CORN/CORN0048.png,CORN
OIL/OIL0070.png,OIL
CANDY/CANDY0152.png,CANDY
SUGAR/SUGAR0034.png,SUGAR
JUICE/JUICE0273.png,JUICE
FISH/FISH0107.png,FISH
CORN/CORN0028.png,CORN
CANDY/CANDY0071.png,CANDY
CEREAL/CEREAL0109.png,CEREAL
SPICES/SPICES0060.png,SPICES
MILK/MILK0100.png,MILK
SUGAR/SUGAR0099.png,SUGAR
CANDY/CANDY0242.png,CANDY
SUGAR/SUGAR0043.png,SUGAR
OIL/OIL0067.png,OIL
MILK/MILK0037.png,MILK
SPICES/SPICES0115.png,SPICES
BEANS/BEANS0014.png,BEANS
OIL/OIL0069.png,OIL
WATER/WATER0211.png,WATER
CEREAL/CEREAL0209.png,CEREAL
JAM/JAM0004.png,JAM
JUICE/JUICE0120.png,JUICE
COFFEE/COFFEE0230.png,COFFEE
RICE/RICE0130.png,RICE
SODA/SODA0115.png,SODA
VINEGAR/VINEGAR0083.png,VINEGAR
PASTA/PASTA0144.png,PASTA
MILK/MILK0045.png,MILK
COFFEE/COFFEE0219.png,COFFEE
SPICES/SPICES0129.png,SPICES
WATER/WATER0172.png,WATER
FLOUR/FLOUR0017.png,FLOUR
RICE/RICE0120.png,RICE
COFFEE/COFFEE0252.png,COFFEE
FLOUR/FLOUR0065.png,FLOUR
SODA/SODA0017.png,SODA
FISH/FISH0084.png,FISH
OIL/OIL0004.png,OIL
FISH/FISH0069.png,FISH
CHIPS/CHIPS0060.png,CHIPS
CHOCOLATE/CHOCOLATE0286.png,CHOCOLATE
CHIPS/CHIPS0047.png,CHIPS
CORN/CORN0055.png,CORN
VINEGAR/VINEGAR0046.png,VINEGAR
CEREAL/CEREAL0140.png,CEREAL
SODA/SODA0045.png,SODA
NUTS/NUTS0102.png,NUTS
RICE/RICE0127.png,RICE
CHOCOLATE/CHOCOLATE0235.png,CHOCOLATE
CHOCOLATE/CHOCOLATE0100.png,CHOCOLATE
CEREAL/CEREAL0256.png,CEREAL
PASTA/PASTA0030.png,PASTA
SODA/SODA0083.png,SODA
HONEY/HONEY0001.png,HONEY
SUGAR/SUGAR0045.png,SUGAR
VINEGAR/VINEGAR0111.png,VINEGAR
CEREAL/CEREAL0045.png,CEREAL
TOMATO_SAUCE/TOMATO_SAUCE0089.png,TOMATO_SAUCE
HONEY/HONEY0053.png,HONEY
JUICE/JUICE0216.png,JUICE
FISH/FISH0015.png,FISH
CHIPS/CHIPS0027.png,CHIPS
FISH/FISH0002.png,FISH
CHIPS/CHIPS0070.png,CHIPS
FISH/FISH0090.png,FISH
WATER/WATER0092.png,WATER
NUTS/NUTS0153.png,NUTS
TOMATO_SAUCE/TOMATO_SAUCE0118.png,TOMATO_SAUCE
WATER/WATER0106.png,WATER
SPICES/SPICES0040.png,SPICES
CHOCOLATE/CHOCOLATE0301.png,CHOCOLATE
CHIPS/CHIPS0046.png,CHIPS
CANDY/CANDY0149.png,CANDY
TOMATO_SAUCE/TOMATO_SAUCE0090.png,TOMATO_SAUCE
FLOUR/FLOUR0024.png,FLOUR
NUTS/NUTS0060.png,NUTS
TOMATO_SAUCE/TOMATO_SAUCE0023.png,TOMATO_SAUCE
SODA/SODA0118.png,SODA
CANDY/CANDY0355.png,CANDY
CHIPS/CHIPS0071.png,CHIPS
VINEGAR/VINEGAR0073.png,VINEGAR
CORN/CORN0071.png,CORN
OIL/OIL0006.png,OIL
CEREAL/CEREAL0130.png,CEREAL
CANDY/CANDY0247.png,CANDY
CEREAL/CEREAL0096.png,CEREAL
CAKE/CAKE0032.png,CAKE
COFFEE/COFFEE0266.png,COFFEE
MILK/MILK0080.png,MILK
VINEGAR/VINEGAR0085.png,VINEGAR
FISH/FISH0014.png,FISH
CHIPS/CHIPS0099.png,CHIPS
TOMATO_SAUCE/TOMATO_SAUCE0036.png,TOMATO_SAUCE
SPICES/SPICES0050.png,SPICES
TEA/TEA0172.png,TEA
BEANS/BEANS0113.png,BEANS
FLOUR/FLOUR0038.png,FLOUR
WATER/WATER0055.png,WATER
TOMATO_SAUCE/TOMATO_SAUCE0068.png,TOMATO_SAUCE
HONEY/HONEY0011.png,HONEY
CHOCOLATE/CHOCOLATE0029.png,CHOCOLATE
HONEY/HONEY0179.png,HONEY
SUGAR/SUGAR0117.png,SUGAR
CORN/CORN0039.png,CORN
CANDY/CANDY0269.png,CANDY
WATER/WATER0037.png,WATER
OIL/OIL0060.png,OIL
OIL/OIL0119.png,OIL
CANDY/CANDY0255.png,CANDY
SUGAR/SUGAR0032.png,SUGAR
CEREAL/CEREAL0000.png,CEREAL
CANDY/CANDY0232.png,CANDY
JUICE/JUICE0153.png,JUICE
JAM/JAM0009.png,JAM
FLOUR/FLOUR0072.png,FLOUR
OIL/OIL0043.png,OIL
HONEY/HONEY0122.png,HONEY
CANDY/CANDY0099.png,CANDY
MILK/MILK0079.png,MILK
SODA/SODA0102.png,SODA
FLOUR/FLOUR0042.png,FLOUR
SODA/SODA0041.png,SODA
WATER/WATER0064.png,WATER
WATER/WATER0145.png,WATER
MILK/MILK0039.png,MILK
RICE/RICE0001.png,RICE
CORN/CORN0070.png,CORN
JUICE/JUICE0196.png,JUICE
JUICE/JUICE0100.png,JUICE
BEANS/BEANS0081.png,BEANS
JUICE/JUICE0150.png,JUICE
HONEY/HONEY0118.png,HONEY
MILK/MILK0030.png,MILK
COFFEE/COFFEE0019.png,COFFEE
HONEY/HONEY0126.png,HONEY
HONEY/HONEY0084.png,HONEY
CAKE/CAKE0036.png,CAKE
JUICE/JUICE0263.png,JUICE
CAKE/CAKE0003.png,CAKE
OIL/OIL0087.png,OIL
OIL/OIL0089.png,OIL
CANDY/CANDY0330.png,CANDY
TOMATO_SAUCE/TOMATO_SAUCE0055.png,TOMATO_SAUCE
CANDY/CANDY0188.png,CANDY
JAM/JAM0145.png,JAM
HONEY/HONEY0052.png,HONEY
PASTA/PASTA0090.png,PASTA
TEA/TEA0107.png,TEA
SUGAR/SUGAR0092.png,SUGAR
CAKE/CAKE0019.png,CAKE
TEA/TEA0049.png,TEA
WATER/WATER0188.png,WATER
RICE/RICE0085.png,RICE
COFFEE/COFFEE0124.png,COFFEE
TEA/TEA0029.png,TEA
JUICE/JUICE0140.png,JUICE
CANDY/CANDY0246.png,CANDY
NUTS/NUTS0165.png,NUTS
HONEY/HONEY0005.png,HONEY
PASTA/PASTA0036.png,PASTA
CANDY/CANDY0052.png,CANDY
WATER/WATER0015.png,WATER
JUICE/JUICE0022.png,JUICE
VINEGAR/VINEGAR0061.png,VINEGAR
NUTS/NUTS0052.png,NUTS
WATER/WATER0175.png,WATER
CEREAL/CEREAL0186.png,CEREAL
CEREAL/CEREAL0068.png,CEREAL
SUGAR/SUGAR0014.png,SUGAR
FLOUR/FLOUR0104.png,FLOUR
FLOUR/FLOUR0099.png,FLOUR
SODA/SODA0117.png,SODA
TOMATO_SAUCE/TOMATO_SAUCE0046.png,TOMATO_SAUCE
JUICE/JUICE0136.png,JUICE
SODA/SODA0124.png,SODA
BEANS/BEANS0132.png,BEANS
COFFEE/COFFEE0181.png,COFFEE
JUICE/JUICE0182.png,JUICE
HONEY/HONEY0119.png,HONEY
OIL/OIL0099.png,OIL
CAKE/CAKE0122.png,CAKE
CANDY/CANDY0197.png,CANDY
COFFEE/COFFEE0267.png,COFFEE
CANDY/CANDY0165.png,CANDY
CEREAL/CEREAL0062.png,CEREAL
CANDY/CANDY0306.png,CANDY
NUTS/NUTS0113.png,NUTS
CANDY/CANDY0150.png,CANDY
FISH/FISH0065.png,FISH
CHIPS/CHIPS0135.png,CHIPS
OIL/OIL0008.png,OIL
PASTA/PASTA0157.png,PASTA
CHIPS/CHIPS0053.png,CHIPS
RICE/RICE0146.png,RICE
MILK/MILK0087.png,MILK
BEANS/BEANS0090.png,BEANS
COFFEE/COFFEE0133.png,COFFEE
RICE/RICE0021.png,RICE
JAM/JAM0179.png,JAM
BEANS/BEANS0058.png,BEANS
SPICES/SPICES0096.png,SPICES
HONEY/HONEY0081.png,HONEY
SODA/SODA0106.png,SODA
VINEGAR/VINEGAR0142.png,VINEGAR
CEREAL/CEREAL0080.png,CEREAL
FISH/FISH0093.png,FISH
NUTS/NUTS0130.png,NUTS
CHOCOLATE/CHOCOLATE0239.png,CHOCOLATE
VINEGAR/VINEGAR0078.png,VINEGAR
RICE/RICE0146.png,RICE
VINEGAR/VINEGAR0010.png,VINEGAR
CANDY/CANDY0352.png,CANDY
SODA/SODA0116.png,SODA
NUTS/NUTS0124.png,NUTS
WATER/WATER0241.png,WATER
COFFEE/COFFEE0101.png,COFFEE
COFFEE/COFFEE0228.png,COFFEE
WATER/WATER0097.png,WATER
BEANS/BEANS0113.png,BEANS
NUTS/NUTS0071.png,NUTS
TOMATO_SAUCE/TOMATO_SAUCE0026.png,TOMATO_SAUCE
CHOCOLATE/CHOCOLATE0075.png,CHOCOLATE
WATER/WATER0191.png,WATER
TEA/TEA0111.png,TEA
PASTA/PASTA0023.png,PASTA
CANDY/CANDY0252.png,CANDY
RICE/RICE0011.png,RICE
WATER/WATER0190.png,WATER
VINEGAR/VINEGAR0069.png,VINEGAR
NUTS/NUTS0136.png,NUTS
CHIPS/CHIPS0051.png,CHIPS
OIL/OIL0014.png,OIL
VINEGAR/VINEGAR0078.png,VINEGAR
OIL/OIL0059.png,OIL
PASTA/PASTA0046.png,PASTA
NUTS/NUTS0056.png,NUTS
CEREAL/CEREAL0077.png,CEREAL
RICE/RICE0104.png,RICE
MILK/MILK0063.png,MILK
VINEGAR/VINEGAR0108.png,VINEGAR
JUICE/JUICE0197.png,JUICE
RICE/RICE0055.png,RICE
JUICE/JUICE0091.png,JUICE
SUGAR/SUGAR0058.png,SUGAR
TEA/TEA0075.png,TEA
RICE/RICE0143.png,RICE
RICE/RICE0020.png,RICE
TEA/TEA0190.png,TEA
CANDY/CANDY0118.png,CANDY
VINEGAR/VINEGAR0094.png,VINEGAR
CANDY/CANDY0194.png,CANDY
SODA/SODA0044.png,SODA
CANDY/CANDY0060.png,CANDY
MILK/MILK0152.png,MILK
BEANS/BEANS0018.png,BEANS
TOMATO_SAUCE/TOMATO_SAUCE0136.png,TOMATO_SAUCE
JAM/JAM0042.png,JAM
CORN/CORN0085.png,CORN
CEREAL/CEREAL0203.png,CEREAL
MILK/MILK0002.png,MILK
COFFEE/COFFEE0249.png,COFFEE
CHOCOLATE/CHOCOLATE0082.png,CHOCOLATE
MILK/MILK0078.png,MILK
MILK/MILK0074.png,MILK
NUTS/NUTS0000.png,NUTS
FISH/FISH0051.png,FISH
CHOCOLATE/CHOCOLATE0304.png,CHOCOLATE
CHIPS/CHIPS0043.png,CHIPS
SUGAR/SUGAR0107.png,SUGAR
CHIPS/CHIPS0007.png,CHIPS
TEA/TEA0167.png,TEA
CAKE/CAKE0071.png,CAKE
RICE/RICE0030.png,RICE
JAM/JAM0222.png,JAM
PASTA/PASTA0074.png,PASTA
TEA/TEA0046.png,TEA
CEREAL/CEREAL0211.png,CEREAL
CORN/CORN0038.png,CORN
MILK/MILK0010.png,MILK
WATER/WATER0156.png,WATER
BEANS/BEANS0032.png,BEANS
PASTA/PASTA0002.png,PASTA
CANDY/CANDY0074.png,CANDY
CEREAL/CEREAL0102.png,CEREAL
CEREAL/CEREAL0134.png,CEREAL
CANDY/CANDY0033.png,CANDY
CHOCOLATE/CHOCOLATE0266.png,CHOCOLATE
COFFEE/COFFEE0068.png,COFFEE
CANDY/CANDY0021.png,CANDY
SPICES/SPICES0006.png,SPICES
CHOCOLATE/CHOCOLATE0244.png,CHOCOLATE
JUICE/JUICE0233.png,JUICE
JAM/JAM0215.png,JAM
JAM/JAM0164.png,JAM
WATER/WATER0203.png,WATER
COFFEE/COFFEE0155.png,COFFEE
RICE/RICE0110.png,RICE
CHOCOLATE/CHOCOLATE0096.png,CHOCOLATE
WATER/WATER0019.png,WATER
TOMATO_SAUCE/TOMATO_SAUCE0001.png,TOMATO_SAUCE
PASTA/PASTA0012.png,PASTA
CEREAL/CEREAL0078.png,CEREAL
CAKE/CAKE0113.png,CAKE
OIL/OIL0073.png,OIL
JUICE/JUICE0013.png,JUICE
CANDY/CANDY0056.png,CANDY
CEREAL/CEREAL0252.png,CEREAL
CAKE/CAKE0148.png,CAKE
JUICE/JUICE0191.png,JUICE
TOMATO_SAUCE/TOMATO_SAUCE0141.png,TOMATO_SAUCE
CANDY/CANDY0281.png,CANDY
JUICE/JUICE0128.png,JUICE
TOMATO_SAUCE/TOMATO_SAUCE0079.png,TOMATO_SAUCE
RICE/RICE0094.png,RICE
SODA/SODA0119.png,SODA
SPICES/SPICES0114.png,SPICES
TEA/TEA0098.png,TEA
JUICE/JUICE0248.png,JUICE
CHOCOLATE/CHOCOLATE0049.png,CHOCOLATE
HONEY/HONEY0129.png,HONEY
COFFEE/COFFEE0188.png,COFFEE
CANDY/CANDY0199.png,CANDY
CORN/CORN0028.png,CORN
JAM/JAM0062.png,JAM
CHOCOLATE/CHOCOLATE0258.png,CHOCOLATE
TOMATO_SAUCE/TOMATO_SAUCE0053.png,TOMATO_SAUCE
FLOUR/FLOUR0033.png,FLOUR
VINEGAR/VINEGAR0017.png,VINEGAR
FISH/FISH0058.png,FISH
COFFEE/COFFEE0139.png,COFFEE
CAKE/CAKE0118.png,CAKE
NUTS/NUTS0100.png,NUTS
SUGAR/SUGAR0092.png,SUGAR
TOMATO_SAUCE/TOMATO_SAUCE0016.png,TOMATO_SAUCE
CHOCOLATE/CHOCOLATE0260.png,CHOCOLATE
JUICE/JUICE0074.png,JUICE
CHOCOLATE/CHOCOLATE0148.png,CHOCOLATE
MILK/MILK0003.png,MILK
PASTA/PASTA0021.png,PASTA
NUTS/NUTS0146.png,NUTS
JUICE/JUICE0265.png,JUICE
TEA/TEA0068.png,TEA
NUTS/NUTS0092.png,NUTS
OIL/OIL0010.png,OIL
CANDY/CANDY0290.png,CANDY
SPICES/SPICES0035.png,SPICES
BEANS/BEANS0121.png,BEANS
CEREAL/CEREAL0047.png,CEREAL
TEA/TEA0186.png,TEA
CHOCOLATE/CHOCOLATE0037.png,CHOCOLATE
SPICES/SPICES0148.png,SPICES
SPICES/SPICES0138.png,SPICES
TOMATO_SAUCE/TOMATO_SAUCE0100.png,TOMATO_SAUCE
TOMATO_SAUCE/TOMATO_SAUCE0072.png,TOMATO_SAUCE
SODA/SODA0132.png,SODA
CAKE/CAKE0031.png,CAKE
VINEGAR/VINEGAR0136.png,VINEGAR
CAKE/CAKE0001.png,CAKE
CANDY/CANDY0027.png,CANDY
FLOUR/FLOUR0107.png,FLOUR
MILK/MILK0136.png,MILK
CHIPS/CHIPS0045.png,CHIPS
RICE/RICE0056.png,RICE
SUGAR/SUGAR0091.png,SUGAR
CANDY/CANDY0192.png,CANDY
COFFEE/COFFEE0069.png,COFFEE
CAKE/CAKE0146.png,CAKE
CORN/CORN0023.png,CORN
CHOCOLATE/CHOCOLATE0092.png,CHOCOLATE
CORN/CORN0028.png,CORN
CANDY/CANDY0098.png,CANDY
TEA/TEA0220.png,TEA
JUICE/JUICE0143.png,JUICE
CANDY/CANDY0251.png,CANDY
FISH/FISH0050.png,FISH
PASTA/PASTA0120.png,PASTA
WATER/WATER0169.png,WATER
VINEGAR/VINEGAR0069.png,VINEGAR
FISH/FISH0031.png,FISH
CAKE/CAKE0140.png,CAKE
OIL/OIL0045.png,OIL
TEA/TEA0001.png,TEA
WATER/WATER0215.png,WATER
JUICE/JUICE0046.png,JUICE
CAKE/CAKE0113.png,CAKE
TEA/TEA0096.png,TEA
PASTA/PASTA0138.png,PASTA
VINEGAR/VINEGAR0019.png,VINEGAR
CORN/CORN0065.png,CORN
COFFEE/COFFEE0201.png,COFFEE
TOMATO_SAUCE/TOMATO_SAUCE0002.png,TOMATO_SAUCE
VINEGAR/VINEGAR0081.png,VINEGAR
CHOCOLATE/CHOCOLATE0026.png,CHOCOLATE
CHIPS/CHIPS0136.png,CHIPS
TEA/TEA0027.png,TEA
CHOCOLATE/CHOCOLATE0268.png,CHOCOLATE
FLOUR/FLOUR0017.png,FLOUR
RICE/RICE0139.png,RICE
FISH/FISH0085.png,FISH
CORN/CORN0032.png,CORN
JAM/JAM0047.png,JAM
CAKE/CAKE0136.png,CAKE
SUGAR/SUGAR0112.png,SUGAR
TOMATO_SAUCE/TOMATO_SAUCE0007.png,TOMATO_SAUCE
PASTA/PASTA0122.png,PASTA
JAM/JAM0165.png,JAM
CAKE/CAKE0139.png,CAKE
CHOCOLATE/CHOCOLATE0216.png,CHOCOLATE
JUICE/JUICE0054.png,JUICE
SODA/SODA0012.png,SODA
SUGAR/SUGAR0040.png,SUGAR
SUGAR/SUGAR0020.png,SUGAR
BEANS/BEANS0112.png,BEANS
NUTS/NUTS0067.png,NUTS
CHIPS/CHIPS0032.png,CHIPS
CEREAL/CEREAL0255.png,CEREAL
TOMATO_SAUCE/TOMATO_SAUCE0031.png,TOMATO_SAUCE
JUICE/JUICE0073.png,JUICE
BEANS/BEANS0106.png,BEANS
HONEY/HONEY0137.png,HONEY
TOMATO_SAUCE/TOMATO_SAUCE0077.png,TOMATO_SAUCE
FISH/FISH0038.png,FISH
FISH/FISH0001.png,FISH
COFFEE/COFFEE0269.png,COFFEE
TEA/TEA0237.png,TEA
JAM/JAM0221.png,JAM
CORN/CORN0003.png,CORN
TOMATO_SAUCE/TOMATO_SAUCE0092.png,TOMATO_SAUCE
TOMATO_SAUCE/TOMATO_SAUCE0073.png,TOMATO_SAUCE
WATER/WATER0151.png,WATER
CANDY/CANDY0045.png,CANDY
HONEY/HONEY0152.png,HONEY
WATER/WATER0087.png,WATER
CANDY/CANDY0132.png,CANDY
COFFEE/COFFEE0165.png,COFFEE
COFFEE/COFFEE0149.png,COFFEE
WATER/WATER0234.png,WATER
COFFEE/COFFEE0109.png,COFFEE
CORN/CORN0000.png,CORN
NUTS/NUTS0015.png,NUTS
CAKE/CAKE0106.png,CAKE
CHOCOLATE/CHOCOLATE0176.png,CHOCOLATE
CAKE/CAKE0014.png,CAKE
CHOCOLATE/CHOCOLATE0237.png,CHOCOLATE
CHOCOLATE/CHOCOLATE0171.png,CHOCOLATE
PASTA/PASTA0072.png,PASTA
JAM/JAM0146.png,JAM
CORN/CORN0009.png,CORN
JUICE/JUICE0112.png,JUICE
NUTS/NUTS0070.png,NUTS
TEA/TEA0050.png,TEA
JUICE/JUICE0008.png,JUICE
CHOCOLATE/CHOCOLATE0072.png,CHOCOLATE
TEA/TEA0019.png,TEA
JUICE/JUICE0001.png,JUICE
SUGAR/SUGAR0043.png,SUGAR
BEANS/BEANS0134.png,BEANS
OIL/OIL0032.png,OIL
JAM/JAM0212.png,JAM
PASTA/PASTA0145.png,PASTA
FISH/FISH0012.png,FISH
SPICES/SPICES0020.png,SPICES
SUGAR/SUGAR0061.png,SUGAR
JAM/JAM0045.png,JAM
MILK/MILK0069.png,MILK
MILK/MILK0055.png,MILK
COFFEE/COFFEE0066.png,COFFEE
CHIPS/CHIPS0030.png,CHIPS
CEREAL/CEREAL0075.png,CEREAL
SPICES/SPICES0012.png,SPICES
WATER/WATER0027.png,WATER
CEREAL/CEREAL0221.png,CEREAL
CHOCOLATE/CHOCOLATE0263.png,CHOCOLATE
CAKE/CAKE0088.png,CAKE
CANDY/CANDY0176.png,CANDY
JAM/JAM0203.png,JAM
CAKE/CAKE0101.png,CAKE
OIL/OIL0130.png,OIL
CAKE/CAKE0018.png,CAKE
CHOCOLATE/CHOCOLATE0001.png,CHOCOLATE
RICE/RICE0140.png,RICE
TOMATO_SAUCE/TOMATO_SAUCE0139.png,TOMATO_SAUCE
WATER/WATER0021.png,WATER
CHOCOLATE/CHOCOLATE0212.png,CHOCOLATE
TEA/TEA0110.png,TEA
MILK/MILK0011.png,MILK
SPICES/SPICES0084.png,SPICES
MILK/MILK0033.png,MILK
WATER/WATER0232.png,WATER
FISH/FISH0016.png,FISH
BEANS/BEANS0034.png,BEANS
COFFEE/COFFEE0014.png,COFFEE
VINEGAR/VINEGAR0049.png,VINEGAR
CANDY/CANDY0011.png,CANDY
WATER/WATER0119.png,WATER
SUGAR/SUGAR0050.png,SUGAR
CHOCOLATE/CHOCOLATE0145.png,CHOCOLATE
OIL/OIL0093.png,OIL
VINEGAR/VINEGAR0029.png,VINEGAR
CORN/CORN0025.png,CORN
MILK/MILK0008.png,MILK
COFFEE/COFFEE0126.png,COFFEE
OIL/OIL0036.png,OIL
RICE/RICE0116.png,RICE
JAM/JAM0124.png,JAM
SODA/SODA0103.png,SODA
COFFEE/COFFEE0092.png,COFFEE
FISH/FISH0010.png,FISH
CAKE/CAKE0085.png,CAKE
TEA/TEA0010.png,TEA
WATER/WATER0120.png,WATER
CAKE/CAKE0077.png,CAKE
JUICE/JUICE0261.png,JUICE
SODA/SODA0079.png,SODA
JUICE/JUICE0015.png,JUICE
NUTS/NUTS0028.png,NUTS
CANDY/CANDY0024.png,CANDY
SUGAR/SUGAR0036.png,SUGAR
OIL/OIL0084.png,OIL
SPICES/SPICES0054.png,SPICES
OIL/OIL0045.png,OIL
JUICE/JUICE0199.png,JUICE
CHOCOLATE/CHOCOLATE0224.png,CHOCOLATE
JUICE/JUICE0052.png,JUICE
BEANS/BEANS0038.png,BEANS
COFFEE/COFFEE0194.png,COFFEE
SPICES/SPICES0014.png,SPICES
CAKE/CAKE0142.png,CAKE
CHIPS/CHIPS0017.png,CHIPS
CEREAL/CEREAL0177.png,CEREAL
FISH/FISH0084.png,FISH
JAM/JAM0086.png,JAM
FISH/FISH0075.png,FISH
CHOCOLATE/CHOCOLATE0248.png,CHOCOLATE
TEA/TEA0218.png,TEA
SUGAR/SUGAR0008.png,SUGAR
FISH/FISH0044.png,FISH
CEREAL/CEREAL0142.png,CEREAL
NUTS/NUTS0036.png,NUTS
CHOCOLATE/CHOCOLATE0200.png,CHOCOLATE
CANDY/CANDY0363.png,CANDY
COFFEE/COFFEE0040.png,COFFEE
RICE/RICE0083.png,RICE
HONEY/HONEY0083.png,HONEY
COFFEE/COFFEE0202.png,COFFEE
SUGAR/SUGAR0030.png,SUGAR
SODA/SODA0139.png,SODA
CANDY/CANDY0016.png,CANDY
SUGAR/SUGAR0094.png,SUGAR
NUTS/NUTS0063.png,NUTS
COFFEE/COFFEE0172.png,COFFEE
VINEGAR/VINEGAR0042.png,VINEGAR
RICE/RICE0127.png,RICE
SODA/SODA0074.png,SODA
MILK/MILK0133.png,MILK
MILK/MILK0154.png,MILK
CEREAL/CEREAL0251.png,CEREAL
SUGAR/SUGAR0064.png,SUGAR
JAM/JAM0135.png,JAM
JUICE/JUICE0274.png,JUICE
OIL/OIL0136.png,OIL
CANDY/CANDY0266.png,CANDY
PASTA/PASTA0096.png,PASTA
TEA/TEA0168.png,TEA
CEREAL/CEREAL0043.png,CEREAL
SPICES/SPICES0085.png,SPICES
CANDY/CANDY0253.png,CANDY
TEA/TEA0119.png,TEA
HONEY/HONEY0003.png,HONEY
WATER/WATER0205.png,WATER
JUICE/JUICE0229.png,JUICE
WATER/WATER0002.png,WATER
VINEGAR/VINEGAR0070.png,VINEGAR
WATER/WATER0107.png,WATER
SUGAR/SUGAR0000.png,SUGAR
CANDY/CANDY0005.png,CANDY
CANDY/CANDY0360.png,CANDY
VINEGAR/VINEGAR0076.png,VINEGAR
FLOUR/FLOUR0041.png,FLOUR
CHOCOLATE/CHOCOLATE0157.png,CHOCOLATE
BEANS/BEANS0047.png,BEANS
COFFEE/COFFEE0002.png,COFFEE
OIL/OIL0118.png,OIL
COFFEE/COFFEE0119.png,COFFEE
RICE/RICE0149.png,RICE
JAM/JAM0136.png,JAM
CAKE/CAKE0118.png,CAKE
CEREAL/CEREAL0146.png,CEREAL
SUGAR/SUGAR0112.png,SUGAR
NUTS/NUTS0110.png,NUTS
WATER/WATER0054.png,WATER
JAM/JAM0234.png,JAM
JUICE/JUICE0142.png,JUICE
SUGAR/SUGAR0005.png,SUGAR
JUICE/JUICE0040.png,JUICE
CORN/CORN0038.png,CORN
SPICES/SPICES0119.png,SPICES
FLOUR/FLOUR0072.png,FLOUR
TOMATO_SAUCE/TOMATO_SAUCE0014.png,TOMATO_SAUCE
FLOUR/FLOUR0080.png,FLOUR
CAKE/CAKE0063.png,CAKE
CHIPS/CHIPS0175.png,CHIPS
SPICES/SPICES0049.png,SPICES
SPICES/SPICES0096.png,SPICES
CEREAL/CEREAL0241.png,CEREAL
SUGAR/SUGAR0089.png,SUGAR
SPICES/SPICES0073.png,SPICES
SUGAR/SUGAR0034.png,SUGAR
NUTS/NUTS0137.png,NUTS
SODA/SODA0084.png,SODA
COFFEE/COFFEE0209.png,COFFEE
HONEY/HONEY0050.png,HONEY
VINEGAR/VINEGAR0138.png,VINEGAR
TOMATO_SAUCE/TOMATO_SAUCE0000.png,TOMATO_SAUCE
NUTS/NUTS0029.png,NUTS
CORN/CORN0001.png,CORN
JAM/JAM0110.png,JAM
JAM/JAM0130.png,JAM
VINEGAR/VINEGAR0064.png,VINEGAR
PASTA/PASTA0028.png,PASTA
CEREAL/CEREAL0081.png,CEREAL
RICE/RICE0079.png,RICE
FISH/FISH0084.png,FISH
VINEGAR/VINEGAR0013.png,VINEGAR
TOMATO_SAUCE/TOMATO_SAUCE0104.png,TOMATO_SAUCE
JAM/JAM0139.png,JAM
SPICES/SPICES0137.png,SPICES
CORN/CORN0089.png,CORN
JAM/JAM0111.png,JAM
COFFEE/COFFEE0083.png,COFFEE
CHOCOLATE/CHOCOLATE0234.png,CHOCOLATE
CHIPS/CHIPS0168.png,CHIPS
CANDY/CANDY0225.png,CANDY
JUICE/JUICE0029.png,JUICE
CHOCOLATE/CHOCOLATE0112.png,CHOCOLATE
CHOCOLATE/CHOCOLATE0034.png,CHOCOLATE
CAKE/CAKE0127.png,CAKE
CANDY/CANDY0333.png,CANDY
CANDY/CANDY0174.png,CANDY
SODA/SODA0039.png,SODA
VINEGAR/VINEGAR0036.png,VINEGAR
FISH/FISH0093.png,FISH
CANDY/CANDY0294.png,CANDY
PASTA/PASTA0009.png,PASTA
FLOUR/FLOUR0074.png,FLOUR
NUTS/NUTS0051.png,NUTS
WATER/WATER0139.png,WATER
SODA/SODA0085.png,SODA
CAKE/CAKE0144.png,CAKE
SODA/SODA0125.png,SODA
PASTA/PASTA0114.png,PASTA
SUGAR/SUGAR0116.png,SUGAR
CANDY/CANDY0349.png,CANDY
NUTS/NUTS0119.png,NUTS
BEANS/BEANS0098.png,BEANS
WATER/WATER0163.png,WATER
SUGAR/SUGAR0078.png,SUGAR
PASTA/PASTA0139.png,PASTA
RICE/RICE0096.png,RICE
NUTS/NUTS0120.png,NUTS
SPICES/SPICES0035.png,SPICES
MILK/MILK0100.png,MILK
SUGAR/SUGAR0096.png,SUGAR
PASTA/PASTA0015.png,PASTA
HONEY/HONEY0117.png,HONEY
WATER/WATER0058.png,WATER
BEANS/BEANS0096.png,BEANS
FLOUR/FLOUR0063.png,FLOUR
SPICES/SPICES0077.png,SPICES
CEREAL/CEREAL0188.png,CEREAL
RICE/RICE0129.png,RICE
PASTA/PASTA0123.png,PASTA
JUICE/JUICE0048.png,JUICE
TOMATO_SAUCE/TOMATO_SAUCE0082.png,TOMATO_SAUCE
CANDY/CANDY0102.png,CANDY
CEREAL/CEREAL0104.png,CEREAL
BEANS/BEANS0120.png,BEANS
COFFEE/COFFEE0132.png,COFFEE
JAM/JAM0211.png,JAM
SUGAR/SUGAR0024.png,SUGAR
TEA/TEA0055.png,TEA
PASTA/PASTA0121.png,PASTA
JUICE/JUICE0223.png,JUICE
BEANS/BEANS0068.png,BEANS
JUICE/JUICE0039.png,JUICE
TEA/TEA0117.png,TEA
WATER/WATER0141.png,WATER
CHIPS/CHIPS0117.png,CHIPS
VINEGAR/VINEGAR0081.png,VINEGAR
TEA/TEA0142.png,TEA
COFFEE/COFFEE0012.png,COFFEE
FISH/FISH0049.png,FISH
VINEGAR/VINEGAR0148.png,VINEGAR
JUICE/JUICE0168.png,JUICE
SODA/SODA0036.png,SODA
COFFEE/COFFEE0010.png,COFFEE
SODA/SODA0053.png,SODA
CANDY/CANDY0261.png,CANDY
WATER/WATER0062.png,WATER
HONEY/HONEY0034.png,HONEY
CANDY/CANDY0254.png,CANDY
FISH/FISH0042.png,FISH
CHOCOLATE/CHOCOLATE0276.png,CHOCOLATE
CEREAL/CEREAL0202.png,CEREAL
CANDY/CANDY0117.png,CANDY
COFFEE/COFFEE0006.png,COFFEE
JAM/JAM0011.png,JAM
TOMATO_SAUCE/TOMATO_SAUCE0130.png,TOMATO_SAUCE
CEREAL/CEREAL0095.png,CEREAL
NUTS/NUTS0027.png,NUTS
CANDY/CANDY0181.png,CANDY
WATER/WATER0094.png,WATER
CHOCOLATE/CHOCOLATE0190.png,CHOCOLATE
TOMATO_SAUCE/TOMATO_SAUCE0081.png,TOMATO_SAUCE
TEA/TEA0105.png,TEA
CHOCOLATE/CHOCOLATE0261.png,CHOCOLATE
CANDY/CANDY0326.png,CANDY
HONEY/HONEY0162.png,HONEY
COFFEE/COFFEE0053.png,COFFEE
WATER/WATER0192.png,WATER
SPICES/SPICES0055.png,SPICES
BEANS/BEANS0085.png,BEANS
WATER/WATER0185.png,WATER
CEREAL/CEREAL0176.png,CEREAL
CORN/CORN0075.png,CORN
JAM/JAM0191.png,JAM
BEANS/BEANS0102.png,BEANS
FLOUR/FLOUR0075.png,FLOUR
BEANS/BEANS0102.png,BEANS
WATER/WATER0242.png,WATER
JAM/JAM0160.png,JAM
CANDY/CANDY0101.png,CANDY
CHOCOLATE/CHOCOLATE0206.png,CHOCOLATE
COFFEE/COFFEE0065.png,COFFEE
CANDY/CANDY0280.png,CANDY
CHIPS/CHIPS0149.png,CHIPS
TOMATO_SAUCE/TOMATO_SAUCE0045.png,TOMATO_SAUCE
HONEY/HONEY0159.png,HONEY
CANDY/CANDY0040.png,CANDY
JAM/JAM0239.png,JAM
CORN/CORN0092.png,CORN
BEANS/BEANS0104.png,BEANS
JAM/JAM0079.png,JAM
FLOUR/FLOUR0051.png,FLOUR
MILK/MILK0126.png,MILK
MILK/MILK0117.png,MILK
CANDY/CANDY0241.png,CANDY
PASTA/PASTA0098.png,PASTA
CANDY/CANDY0325.png,CANDY
CANDY/CANDY0086.png,CANDY
JUICE/JUICE0097.png,JUICE
PASTA/PASTA0133.png,PASTA
SODA/SODA0117.png,SODA
CANDY/CANDY0124.png,CANDY
FLOUR/FLOUR0040.png,FLOUR
JUICE/JUICE0144.png,JUICE
PASTA/PASTA0014.png,PASTA
FLOUR/FLOUR0080.png,FLOUR
COFFEE/COFFEE0272.png,COFFEE
CAKE/CAKE0052.png,CAKE
TOMATO_SAUCE/TOMATO_SAUCE0147.png,TOMATO_SAUCE
TOMATO_SAUCE/TOMATO_SAUCE0006.png,TOMATO_SAUCE
CAKE/CAKE0155.png,CAKE
SUGAR/SUGAR0089.png,SUGAR
NUTS/NUTS0162.png,NUTS
SODA/SODA0067.png,SODA
WATER/WATER0155.png,WATER
SUGAR/SUGAR0106.png,SUGAR
JUICE/JUICE0285.png,JUICE
COFFEE/COFFEE0244.png,COFFEE
MILK/MILK0141.png,MILK
COFFEE/COFFEE0241.png,COFFEE
VINEGAR/VINEGAR0113.png,VINEGAR
PASTA/PASTA0049.png,PASTA
JUICE/JUICE0239.png,JUICE
MILK/MILK0006.png,MILK
JAM/JAM0084.png,JAM
CEREAL/CEREAL0190.png,CEREAL
BEANS/BEANS0059.png,BEANS
TEA/TEA0128.png,TEA
CANDY/CANDY0148.png,CANDY
MILK/MILK0117.png,MILK
VINEGAR/VINEGAR0092.png,VINEGAR
SPICES/SPICES0136.png,SPICES
CHOCOLATE/CHOCOLATE0045.png,CHOCOLATE
CHIPS/CHIPS0162.png,CHIPS
CHOCOLATE/CHOCOLATE0048.png,CHOCOLATE
TEA/TEA0026.png,TEA
TEA/TEA0006.png,TEA
CEREAL/CEREAL0168.png,CEREAL
OIL/OIL0051.png,OIL
COFFEE/COFFEE0061.png,COFFEE
TOMATO_SAUCE/TOMATO_SAUCE0141.png,TOMATO_SAUCE
CANDY/CANDY0003.png,CANDY
CHIPS/CHIPS0007.png,CHIPS
CANDY/CANDY0177.png,CANDY
OIL/OIL0000.png,OIL
RICE/RICE0058.png,RICE
FLOUR/FLOUR0084.png,FLOUR
PASTA/PASTA0130.png,PASTA
JUICE/JUICE0161.png,JUICE
JUICE/JUICE0157.png,JUICE
SPICES/SPICES0086.png,SPICES
CHOCOLATE/CHOCOLATE0084.png,CHOCOLATE
NUTS/NUTS0007.png,NUTS
SODA/SODA0068.png,SODA
CORN/CORN0084.png,CORN
JUICE/JUICE0078.png,JUICE
CAKE/CAKE0090.png,CAKE
OIL/OIL0023.png,OIL
CHOCOLATE/CHOCOLATE0067.png,CHOCOLATE
VINEGAR/VINEGAR0017.png,VINEGAR
CAKE/CAKE0147.png,CAKE
COFFEE/COFFEE0138.png,COFFEE
CHOCOLATE/CHOCOLATE0024.png,CHOCOLATE
CANDY/CANDY0062.png,CANDY
JUICE/JUICE0121.png,JUICE
TEA/TEA0052.png,TEA
SODA/SODA0040.png,SODA
COFFEE/COFFEE0159.png,COFFEE
CHIPS/CHIPS0080.png,CHIPS
SODA/SODA0052.png,SODA
SODA/SODA0013.png,SODA
CORN/CORN0079.png,CORN
TOMATO_SAUCE/TOMATO_SAUCE0019.png,TOMATO_SAUCE
SUGAR/SUGAR0089.png,SUGAR
COFFEE/COFFEE0018.png,COFFEE
CEREAL/CEREAL0164.png,CEREAL
JUICE/JUICE0012.png,JUICE
TEA/TEA0193.png,TEA
CANDY/CANDY0238.png,CANDY
FISH/FISH0021.png,FISH
OIL/OIL0047.png,OIL
CANDY/CANDY0187.png,CANDY
OIL/OIL0047.png,OIL
HONEY/HONEY0164.png,HONEY
TEA/TEA0231.png,TEA
JUICE/JUICE0279.png,JUICE
NUTS/NUTS0037.png,NUTS
OIL/OIL0068.png,OIL
TOMATO_SAUCE/TOMATO_SAUCE0024.png,TOMATO_SAUCE
COFFEE/COFFEE0256.png,COFFEE
CANDY/CANDY0129.png,CANDY
CHIPS/CHIPS0179.png,CHIPS
PASTA/PASTA0075.png,PASTA
WATER/WATER0050.png,WATER
OIL/OIL0023.png,OIL
HONEY/HONEY0068.png,HONEY
RICE/RICE0090.png,RICE
WATER/WATER0118.png,WATER
JUICE/JUICE0043.png,JUICE
PASTA/PASTA0165.png,PASTA
FISH/FISH0007.png,FISH
CORN/CORN0070.png,CORN
CORN/CORN0025.png,CORN
JUICE/JUICE0189.png,JUICE
CANDY/CANDY0222.png,CANDY
NUTS/NUTS0093.png,NUTS
JUICE/JUICE0272.png,JUICE
WATER/WATER0186.png,WATER
PASTA/PASTA0128.png,PASTA
SUGAR/SUGAR0098.png,SUGAR
FLOUR/FLOUR0082.png,FLOUR
FISH/FISH0102.png,FISH
NUTS/NUTS0041.png,NUTS
SODA/SODA0011.png,SODA
TEA/TEA0185.png,TEA
WATER/WATER0248.png,WATER
CHIPS/CHIPS0131.png,CHIPS
JAM/JAM0016.png,JAM
HONEY/HONEY0013.png,HONEY
CANDY/CANDY0198.png,CANDY
NUTS/NUTS0025.png,NUTS
CORN/CORN0021.png,CORN
BEANS/BEANS0084.png,BEANS
COFFEE/COFFEE0145.png,COFFEE
CHOCOLATE/CHOCOLATE0042.png,CHOCOLATE
JAM/JAM0025.png,JAM
CEREAL/CEREAL0262.png,CEREAL
CHOCOLATE/CHOCOLATE0251.png,CHOCOLATE
FLOUR/FLOUR0093.png,FLOUR
TEA/TEA0229.png,TEA
FISH/FISH0013.png,FISH
CEREAL/CEREAL0046.png,CEREAL
OIL/OIL0086.png,OIL
OIL/OIL0047.png,OIL
PASTA/PASTA0082.png,PASTA
CHOCOLATE/CHOCOLATE0054.png,CHOCOLATE
FISH/FISH0094.png,FISH
COFFEE/COFFEE0011.png,COFFEE
CAKE/CAKE0133.png,CAKE
CEREAL/CEREAL0076.png,CEREAL
COFFEE/COFFEE0213.png,COFFEE
RICE/RICE0060.png,RICE
FISH/FISH0055.png,FISH
BEANS/BEANS0121.png,BEANS
TOMATO_SAUCE/TOMATO_SAUCE0061.png,TOMATO_SAUCE
CAKE/CAKE0107.png,CAKE
SODA/SODA0121.png,SODA
JUICE/JUICE0050.png,JUICE
COFFEE/COFFEE0008.png,COFFEE
CHOCOLATE/CHOCOLATE0160.png,CHOCOLATE
BEANS/BEANS0010.png,BEANS
TOMATO_SAUCE/TOMATO_SAUCE0138.png,TOMATO_SAUCE
CHOCOLATE/CHOCOLATE0015.png,CHOCOLATE
BEANS/BEANS0001.png,BEANS
VINEGAR/VINEGAR0060.png,VINEGAR
PASTA/PASTA0150.png,PASTA
CORN/CORN0002.png,CORN
SPICES/SPICES0090.png,SPICES
HONEY/HONEY0182.png,HONEY
WATER/WATER0244.png,WATER
SPICES/SPICES0079.png,SPICES
CEREAL/CEREAL0269.png,CEREAL
CEREAL/CEREAL0053.png,CEREAL
CHIPS/CHIPS0109.png,CHIPS
FLOUR/FLOUR0077.png,FLOUR
CEREAL/CEREAL0074.png,CEREAL
VINEGAR/VINEGAR0025.png,VINEGAR
SPICES/SPICES0149.png,SPICES
JUICE/JUICE0061.png,JUICE
CANDY/CANDY0158.png,CANDY
HONEY/HONEY0138.png,HONEY
COFFEE/COFFEE0115.png,COFFEE
FISH/FISH0070.png,FISH
OIL/OIL0074.png,OIL
CEREAL/CEREAL0181.png,CEREAL
CORN/CORN0039.png,CORN
JAM/JAM0071.png,JAM
SPICES/SPICES0015.png,SPICES
BEANS/BEANS0074.png,BEANS
OIL/OIL0046.png,OIL
SODA/SODA0111.png,SODA
CANDY/CANDY0300.png,CANDY
WATER/WATER0028.png,WATER
CANDY/CANDY0196.png,CANDY
PASTA/PASTA0000.png,PASTA
VINEGAR/VINEGAR0081.png,VINEGAR
TEA/TEA0131.png,TEA
JAM/JAM0201.png,JAM
SUGAR/SUGAR0041.png,SUGAR
CEREAL/CEREAL0031.png,CEREAL
CAKE/CAKE0061.png,CAKE
PASTA/PASTA0092.png,PASTA
BEANS/BEANS0078.png,BEANS
CANDY/CANDY0213.png,CANDY
FLOUR/FLOUR0088.png,FLOUR
TEA/TEA0071.png,TEA
SPICES/SPICES0061.png,SPICES
CHIPS/CHIPS0101.png,CHIPS
SODA/SODA0045.png,SODA
CHOCOLATE/CHOCOLATE0161.png,CHOCOLATE
CANDY/CANDY0342.png,CANDY
NUTS/NUTS0137.png,NUTS
CHOCOLATE/CHOCOLATE0306.png,CHOCOLATE
JAM/JAM0000.png,JAM
SODA/SODA0020.png,SODA
TEA/TEA0174.png,TEA
CANDY/CANDY0191.png,CANDY
CORN/CORN0037.png,CORN
TEA/TEA0163.png,TEA
JAM/JAM0207.png,JAM
JUICE/JUICE0076.png,JUICE
SODA/SODA0043.png,SODA
CHOCOLATE/CHOCOLATE0274.png,CHOCOLATE
PASTA/PASTA0066.png,PASTA
FLOUR/FLOUR0056.png,FLOUR
JUICE/JUICE0093.png,JUICE
WATER/WATER0153.png,WATER
CHOCOLATE/CHOCOLATE0021.png,CHOCOLATE
CEREAL/CEREAL0033.png,CEREAL
TOMATO_SAUCE/TOMATO_SAUCE0126.png,TOMATO_SAUCE
OIL/OIL0119.png,OIL
SUGAR/SUGAR0049.png,SUGAR
RICE/RICE0121.png,RICE
CEREAL/CEREAL0161.png,CEREAL
VINEGAR/VINEGAR0006.png,VINEGAR
SODA/SODA0085.png,SODA
CHOCOLATE/CHOCOLATE0288.png,CHOCOLATE
CHIPS/CHIPS0144.png,CHIPS
JUICE/JUICE0190.png,JUICE
COFFEE/COFFEE0279.png,COFFEE
CHOCOLATE/CHOCOLATE0281.png,CHOCOLATE
SUGAR/SUGAR0066.png,SUGAR
OIL/OIL0002.png,OIL
TEA/TEA0211.png,TEA
COFFEE/COFFEE0099.png,COFFEE
PASTA/PASTA0055.png,PASTA
BEANS/BEANS0017.png,BEANS
FLOUR/FLOUR0009.png,FLOUR
RICE/RICE0017.png,RICE
COFFEE/COFFEE0081.png,COFFEE
JAM/JAM0050.png,JAM
TEA/TEA0040.png,TEA
HONEY/HONEY0106.png,HONEY
JAM/JAM0173.png,JAM
CORN/CORN0092.png,CORN
CHIPS/CHIPS0049.png,CHIPS
CEREAL/CEREAL0174.png,CEREAL
VINEGAR/VINEGAR0001.png,VINEGAR
CANDY/CANDY0085.png,CANDY
CEREAL/CEREAL0154.png,CEREAL
CHIPS/CHIPS0133.png,CHIPS
CAKE/CAKE0143.png,CAKE
BEANS/BEANS0001.png,BEANS
TEA/TEA0159.png,TEA
TEA/TEA0003.png,TEA
FLOUR/FLOUR0012.png,FLOUR
JAM/JAM0017.png,JAM
SODA/SODA0142.png,SODA
CANDY/CANDY0219.png,CANDY
CANDY/CANDY0130.png,CANDY
JUICE/JUICE0220.png,JUICE
VINEGAR/VINEGAR0014.png,VINEGAR
MILK/MILK0031.png,MILK
FISH/FISH0011.png,FISH
SUGAR/SUGAR0056.png,SUGAR
MILK/MILK0073.png,MILK
TOMATO_SAUCE/TOMATO_SAUCE0130.png,TOMATO_SAUCE
RICE/RICE0111.png,RICE
CHIPS/CHIPS0102.png,CHIPS
PASTA/PASTA0006.png,PASTA
WATER/WATER0154.png,WATER
JAM/JAM0043.png,JAM
CANDY/CANDY0014.png,CANDY
CANDY/CANDY0137.png,CANDY
NUTS/NUTS0109.png,NUTS
COFFEE/COFFEE0056.png,COFFEE
BEANS/BEANS0106.png,BEANS
CHOCOLATE/CHOCOLATE0114.png,CHOCOLATE
TOMATO_SAUCE/TOMATO_SAUCE0067.png,TOMATO_SAUCE
CEREAL/CEREAL0185.png,CEREAL
WATER/WATER0159.png,WATER
NUTS/NUTS0132.png,NUTS
CORN/CORN0024.png,CORN
VINEGAR/VINEGAR0003.png,VINEGAR
MILK/MILK0157.png,MILK
MILK/MILK0158.png,MILK
HONEY/HONEY0046.png,HONEY
MILK/MILK0067.png,MILK
JUICE/JUICE0260.png,JUICE
CEREAL/CEREAL0272.png,CEREAL
CHOCOLATE/CHOCOLATE0236.png,CHOCOLATE
CHOCOLATE/CHOCOLATE0094.png,CHOCOLATE
HONEY/HONEY0048.png,HONEY
PASTA/PASTA0086.png,PASTA
FISH/FISH0031.png,FISH
SPICES/SPICES0103.png,SPICES
NUTS/NUTS0129.png,NUTS
JUICE/JUICE0107.png,JUICE
PASTA/PASTA0125.png,PASTA
CHOCOLATE/CHOCOLATE0217.png,CHOCOLATE
CEREAL/CEREAL0247.png,CEREAL
CORN/CORN0017.png,CORN
SODA/SODA0086.png,SODA
VINEGAR/VINEGAR0126.png,VINEGAR
CANDY/CANDY0185.png,CANDY
TEA/TEA0066.png,TEA
BEANS/BEANS0101.png,BEANS
VINEGAR/VINEGAR0049.png,VINEGAR
CHOCOLATE/CHOCOLATE0123.png,CHOCOLATE
OIL/OIL0133.png,OIL
CANDY/CANDY0339.png,CANDY
TOMATO_SAUCE/TOMATO_SAUCE0091.png,TOMATO_SAUCE
CORN/CORN0035.png,CORN
JUICE/JUICE0277.png,JUICE
CAKE/CAKE0084.png,CAKE
TEA/TEA0106.png,TEA
BEANS/BEANS0093.png,BEANS
COFFEE/COFFEE0086.png,COFFEE
CEREAL/CEREAL0056.png,CEREAL
TOMATO_SAUCE/TOMATO_SAUCE0090.png,TOMATO_SAUCE
CANDY/CANDY0113.png,CANDY
OIL/OIL0058.png,OIL
OIL/OIL0141.png,OIL
CANDY/CANDY0319.png,CANDY
PASTA/PASTA0034.png,PASTA
NUTS/NUTS0039.png,NUTS
CEREAL/CEREAL0235.png,CEREAL
FLOUR/FLOUR0016.png,FLOUR
NUTS/NUTS0135.png,NUTS
CHIPS/CHIPS0134.png,CHIPS
JUICE/JUICE0170.png,JUICE
VINEGAR/VINEGAR0070.png,VINEGAR
SPICES/SPICES0027.png,SPICES
BEANS/BEANS0101.png,BEANS
FLOUR/FLOUR0099.png,FLOUR
SUGAR/SUGAR0046.png,SUGAR
COFFEE/COFFEE0085.png,COFFEE
COFFEE/COFFEE0250.png,COFFEE
FLOUR/FLOUR0099.png,FLOUR
CANDY/CANDY0287.png,CANDY
PASTA/PASTA0080.png,PASTA
CHOCOLATE/CHOCOLATE0102.png,CHOCOLATE
JAM/JAM0038.png,JAM
CHIPS/CHIPS0093.png,CHIPS
CHOCOLATE/CHOCOLATE0214.png,CHOCOLATE
HONEY/HONEY0177.png,HONEY
SPICES/SPICES0075.png,SPICES
CANDY/CANDY0272.png,CANDY
MILK/MILK0015.png,MILK
CORN/CORN0095.png,CORN
TEA/TEA0240.png,TEA
CANDY/CANDY0279.png,CANDY
HONEY/HONEY0108.png,HONEY
TEA/TEA0135.png,TEA
PASTA/PASTA0134.png,PASTA
PASTA/PASTA0119.png,PASTA
CORN/CORN0075.png,CORN
WATER/WATER0126.png,WATER
JAM/JAM0235.png,JAM
CEREAL/CEREAL0117.png,CEREAL
NUTS/NUTS0139.png,NUTS
TOMATO_SAUCE/TOMATO_SAUCE0086.png,TOMATO_SAUCE
CORN/CORN0016.png,CORN
JUICE/JUICE0186.png,JUICE
NUTS/NUTS0033.png,NUTS
FISH/FISH0062.png,FISH
CEREAL/CEREAL0113.png,CEREAL
SODA/SODA0033.png,SODA
CORN/CORN0094.png,CORN
WATER/WATER0146.png,WATER
OIL/OIL0072.png,OIL
WATER/WATER0069.png,WATER
TEA/TEA0021.png,TEA
CANDY/CANDY0013.png,CANDY
JUICE/JUICE0270.png,JUICE
FISH/FISH0065.png,FISH
CEREAL/CEREAL0228.png,CEREAL
SPICES/SPICES0032.png,SPICES
NUTS/NUTS0091.png,NUTS
COFFEE/COFFEE0288.png,COFFEE
FLOUR/FLOUR0087.png,FLOUR
BEANS/BEANS0132.png,BEANS
SPICES/SPICES0144.png,SPICES
SODA/SODA0088.png,SODA
FISH/FISH0028.png,FISH
RICE/RICE0028.png,RICE
CANDY/CANDY0008.png,CANDY
PASTA/PASTA0131.png,PASTA
TEA/TEA0164.png,TEA
SUGAR/SUGAR0048.png,SUGAR
CAKE/CAKE0044.png,CAKE
FISH/FISH0027.png,FISH
TEA/TEA0203.png,TEA
TOMATO_SAUCE/TOMATO_SAUCE0096.png,TOMATO_SAUCE
CHOCOLATE/CHOCOLATE0204.png,CHOCOLATE
RICE/RICE0012.png,RICE
SUGAR/SUGAR0108.png,SUGAR
MILK/MILK0037.png,MILK
WATER/WATER0096.png,WATER
PASTA/PASTA0158.png,PASTA
TOMATO_SAUCE/TOMATO_SAUCE0135.png,TOMATO_SAUCE
CORN/CORN0090.png,CORN
CHOCOLATE/CHOCOLATE0271.png,CHOCOLATE
CEREAL/CEREAL0073.png,CEREAL
CORN/CORN0000.png,CORN
TOMATO_SAUCE/TOMATO_SAUCE0131.png,TOMATO_SAUCE
OIL/OIL0049.png,OIL
BEANS/BEANS0122.png,BEANS
CANDY/CANDY0274.png,CANDY
CANDY/CANDY0237.png,CANDY
VINEGAR/VINEGAR0071.png,VINEGAR
FISH/FISH0085.png,FISH
FLOUR/FLOUR0015.png,FLOUR
JUICE/JUICE0137.png,JUICE
HONEY/HONEY0116.png,HONEY
FLOUR/FLOUR0099.png,FLOUR
JUICE/JUICE0087.png,JUICE
CANDY/CANDY0183.png,CANDY
SUGAR/SUGAR0039.png,SUGAR
TEA/TEA0171.png,TEA
SPICES/SPICES0018.png,SPICES
VINEGAR/VINEGAR0050.png,VINEGAR
JAM/JAM0170.png,JAM
CHIPS/CHIPS0056.png,CHIPS
BEANS/BEANS0037.png,BEANS
COFFEE/COFFEE0035.png,COFFEE
FLOUR/FLOUR0025.png,FLOUR
CANDY/CANDY0009.png,CANDY
JUICE/JUICE0011.png,JUICE
WATER/WATER0081.png,WATER
CORN/CORN0053.png,CORN
CAKE/CAKE0042.png,CAKE
CHIPS/CHIPS0079.png,CHIPS
COFFEE/COFFEE0287.png,COFFEE
CAKE/CAKE0100.png,CAKE
SUGAR/SUGAR0052.png,SUGAR
TEA/TEA0189.png,TEA
FISH/FISH0082.png,FISH
CAKE/CAKE0103.png,CAKE
FISH/FISH0010.png,FISH
CEREAL/CEREAL0222.png,CEREAL
FLOUR/FLOUR0063.png,FLOUR
CHIPS/CHIPS0105.png,CHIPS
JUICE/JUICE0082.png,JUICE
COFFEE/COFFEE0097.png,COFFEE
TEA/TEA0120.png,TEA
TEA/TEA0187.png,TEA
CHOCOLATE/CHOCOLATE0005.png,CHOCOLATE
SPICES/SPICES0130.png,SPICES
NUTS/NUTS0089.png,NUTS
FLOUR/FLOUR0105.png,FLOUR
JUICE/JUICE0130.png,JUICE
COFFEE/COFFEE0158.png,COFFEE
VINEGAR/VINEGAR0040.png,VINEGAR
CORN/CORN0032.png,CORN
WATER/WATER0068.png,WATER
CHOCOLATE/CHOCOLATE0110.png,CHOCOLATE
FISH/FISH0072.png,FISH
CHOCOLATE/CHOCOLATE0108.png,CHOCOLATE
OIL/OIL0075.png,OIL
TOMATO_SAUCE/TOMATO_SAUCE0056.png,TOMATO_SAUCE
BEANS/BEANS0105.png,BEANS
OIL/OIL0106.png,OIL
JUICE/JUICE0282.png,JUICE
CHIPS/CHIPS0037.png,CHIPS
FLOUR/FLOUR0101.png,FLOUR
CANDY/CANDY0371.png,CANDY
CEREAL/CEREAL0035.png,CEREAL
CHOCOLATE/CHOCOLATE0245.png,CHOCOLATE
SUGAR/SUGAR0042.png,SUGAR
RICE/RICE0148.png,RICE
JUICE/JUICE0024.png,JUICE
FISH/FISH0037.png,FISH
FISH/FISH0022.png,FISH
CANDY/CANDY0211.png,CANDY
TOMATO_SAUCE/TOMATO_SAUCE0122.png,TOMATO_SAUCE
BEANS/BEANS0002.png,BEANS
JAM/JAM0113.png,JAM
CEREAL/CEREAL0127.png,CEREAL
HONEY/HONEY0160.png,HONEY
COFFEE/COFFEE0187.png,COFFEE
CAKE/CAKE0012.png,CAKE
NUTS/NUTS0163.png,NUTS
BEANS/BEANS0082.png,BEANS
CANDY/CANDY0019.png,CANDY
CEREAL/CEREAL0145.png,CEREAL
HONEY/HONEY0026.png,HONEY
SPICES/SPICES0124.png,SPICES
SODA/SODA0126.png,SODA
FISH/FISH0099.png,FISH
CORN/CORN0059.png,CORN
WATER/WATER0066.png,WATER
CHOCOLATE/CHOCOLATE0265.png,CHOCOLATE
COFFEE/COFFEE0264.png,COFFEE
SODA/SODA0120.png,SODA
RICE/RICE0076.png,RICE
CORN/CORN0023.png,CORN
TEA/TEA0038.png,TEA
CANDY/CANDY0093.png,CANDY
CHOCOLATE/CHOCOLATE0192.png,CHOCOLATE
JUICE/JUICE0290.png,JUICE
NUTS/NUTS0018.png,NUTS
COFFEE/COFFEE0121.png,COFFEE
MILK/MILK0110.png,MILK
CORN/CORN0003.png,CORN
CANDY/CANDY0110.png,CANDY
CEREAL/CEREAL0036.png,CEREAL
CEREAL/CEREAL0246.png,CEREAL
NUTS/NUTS0040.png,NUTS
RICE/RICE0109.png,RICE
CHOCOLATE/CHOCOLATE0278.png,CHOCOLATE
VINEGAR/VINEGAR0080.png,VINEGAR
JUICE/JUICE0301.png,JUICE
RICE/RICE0095.png,RICE
CAKE/CAKE0151.png,CAKE
CANDY/CANDY0115.png,CANDY
CEREAL/CEREAL0018.png,CEREAL
FLOUR/FLOUR0022.png,FLOUR
JAM/JAM0029.png,JAM
TOMATO_SAUCE/TOMATO_SAUCE0016.png,TOMATO_SAUCE
SODA/SODA0134.png,SODA
FLOUR/FLOUR0103.png,FLOUR
CHOCOLATE/CHOCOLATE0254.png,CHOCOLATE
JAM/JAM0186.png,JAM
SUGAR/SUGAR0029.png,SUGAR
SPICES/SPICES0044.png,SPICES
FISH/FISH0041.png,FISH
CAKE/CAKE0046.png,CAKE
FISH/FISH0084.png,FISH
SPICES/SPICES0022.png,SPICES
TEA/TEA0173.png,TEA
CEREAL/CEREAL0103.png,CEREAL
CANDY/CANDY0276.png,CANDY
JUICE/JUICE0158.png,JUICE
CANDY/CANDY0273.png,CANDY
CANDY/CANDY0155.png,CANDY
FLOUR/FLOUR0015.png,FLOUR
OIL/OIL0132.png,OIL
HONEY/HONEY0031.png,HONEY
TOMATO_SAUCE/TOMATO_SAUCE0014.png,TOMATO_SAUCE
RICE/RICE0072.png,RICE
CANDY/CANDY0286.png,CANDY
JUICE/JUICE0162.png,JUICE
SPICES/SPICES0078.png,SPICES
SUGAR/SUGAR0021.png,SUGAR
HONEY/HONEY0097.png,HONEY
CANDY/CANDY0114.png,CANDY
FISH/FISH0102.png,FISH
VINEGAR/VINEGAR0031.png,VINEGAR
RICE/RICE0007.png,RICE
JUICE/JUICE0225.png,JUICE
CORN/CORN0050.png,CORN
CAKE/CAKE0038.png,CAKE
PASTA/PASTA0053.png,PASTA
VINEGAR/VINEGAR0095.png,VINEGAR
SUGAR/SUGAR0021.png,SUGAR
BEANS/BEANS0092.png,BEANS
CANDY/CANDY0195.png,CANDY
TEA/TEA0053.png,TEA
CEREAL/CEREAL0170.png,CEREAL
HONEY/HONEY0045.png,HONEY
CANDY/CANDY0090.png,CANDY
OIL/OIL0122.png,OIL
CHOCOLATE/CHOCOLATE0219.png,CHOCOLATE
MILK/MILK0091.png,MILK
CANDY/CANDY0116.png,CANDY
SPICES/SPICES0056.png,SPICES
PASTA/PASTA0037.png,PASTA
CHOCOLATE/CHOCOLATE0115.png,CHOCOLATE
WATER/WATER0164.png,WATER
CAKE/CAKE0022.png,CAKE
BEANS/BEANS0031.png,BEANS
FLOUR/FLOUR0066.png,FLOUR
FLOUR/FLOUR0101.png,FLOUR
PASTA/PASTA0000.png,PASTA
CEREAL/CEREAL0169.png,CEREAL
JUICE/JUICE0038.png,JUICE
SUGAR/SUGAR0040.png,SUGAR
FISH/FISH0051.png,FISH
CHIPS/CHIPS0169.png,CHIPS
VINEGAR/VINEGAR0132.png,VINEGAR
CANDY/CANDY0193.png,CANDY
JUICE/JUICE0214.png,JUICE
TEA/TEA0181.png,TEA
SPICES/SPICES0132.png,SPICES
JAM/JAM0030.png,JAM
CEREAL/CEREAL0072.png,CEREAL
JUICE/JUICE0296.png,JUICE
SUGAR/SUGAR0113.png,SUGAR
SODA/SODA0058.png,SODA
CHOCOLATE/CHOCOLATE0164.png,CHOCOLATE
CHOCOLATE/CHOCOLATE0186.png,CHOCOLATE
COFFEE/COFFEE0007.png,COFFEE
NUTS/NUTS0125.png,NUTS
CEREAL/CEREAL0128.png,CEREAL
WATER/WATER0018.png,WATER
JAM/JAM0021.png,JAM
CEREAL/CEREAL0220.png,CEREAL
RICE/RICE0141.png,RICE
WATER/WATER0049.png,WATER
VINEGAR/VINEGAR0130.png,VINEGAR
FISH/FISH0026.png,FISH
CORN/CORN0033.png,CORN
SUGAR/SUGAR0008.png,SUGAR
CHIPS/CHIPS0075.png,CHIPS
JAM/JAM0197.png,JAM
SODA/SODA0064.png,SODA
TOMATO_SAUCE/TOMATO_SAUCE0130.png,TOMATO_SAUCE
BEANS/BEANS0015.png,BEANS
OIL/OIL0006.png,OIL
SUGAR/SUGAR0006.png,SUGAR
CEREAL/CEREAL0215.png,CEREAL
OIL/OIL0103.png,OIL
CHIPS/CHIPS0173.png,CHIPS
CHOCOLATE/CHOCOLATE0095.png,CHOCOLATE
SUGAR/SUGAR0030.png,SUGAR
CEREAL/CEREAL0205.png,CEREAL
BEANS/BEANS0109.png,BEANS
MILK/MILK0082.png,MILK
COFFEE/COFFEE0235.png,COFFEE
JAM/JAM0093.png,JAM
VINEGAR/VINEGAR0105.png,VINEGAR
WATER/WATER0113.png,WATER
OIL/OIL0140.png,OIL
SUGAR/SUGAR0110.png,SUGAR
SODA/SODA0061.png,SODA
CORN/CORN0038.png,CORN
OIL/OIL0074.png,OIL
SPICES/SPICES0010.png,SPICES
HONEY/HONEY0134.png,HONEY
HONEY/HONEY0144.png,HONEY
OIL/OIL0140.png,OIL
TOMATO_SAUCE/TOMATO_SAUCE0097.png,TOMATO_SAUCE
CHOCOLATE/CHOCOLATE0058.png,CHOCOLATE
CHOCOLATE/CHOCOLATE0282.png,CHOCOLATE
CHOCOLATE/CHOCOLATE0083.png,CHOCOLATE
VINEGAR/VINEGAR0100.png,VINEGAR
SUGAR/SUGAR0035.png,SUGAR
CANDY/CANDY0162.png,CANDY
TEA/TEA0030.png,TEA
TEA/TEA0233.png,TEA
CORN/CORN0054.png,CORN
WATER/WATER0005.png,WATER
CAKE/CAKE0037.png,CAKE
CHIPS/CHIPS0159.png,CHIPS
SUGAR/SUGAR0110.png,SUGAR
TEA/TEA0104.png,TEA
CANDY/CANDY0227.png,CANDY
CANDY/CANDY0073.png,CANDY
RICE/RICE0113.png,RICE
PASTA/PASTA0065.png,PASTA
CHOCOLATE/CHOCOLATE0089.png,CHOCOLATE
TEA/TEA0004.png,TEA
SPICES/SPICES0080.png,SPICES
TEA/TEA0160.png,TEA
JAM/JAM0069.png,JAM
CHOCOLATE/CHOCOLATE0208.png,CHOCOLATE
SUGAR/SUGAR0106.png,SUGAR
COFFEE/COFFEE0174.png,COFFEE
JAM/JAM0204.png,JAM
JUICE/JUICE0094.png,JUICE
SODA/SODA0051.png,SODA
CORN/CORN0053.png,CORN
CANDY/CANDY0190.png,CANDY
TEA/TEA0032.png,TEA
CHIPS/CHIPS0124.png,CHIPS
RICE/RICE0012.png,RICE
COFFEE/COFFEE0224.png,COFFEE
SUGAR/SUGAR0019.png,SUGAR
PASTA/PASTA0108.png,PASTA
CHOCOLATE/CHOCOLATE0146.png,CHOCOLATE
MILK/MILK0083.png,MILK
OIL/OIL0112.png,OIL
JAM/JAM0232.png,JAM
CEREAL/CEREAL0038.png,CEREAL
SUGAR/SUGAR0078.png,SUGAR
CORN/CORN0094.png,CORN
PASTA/PASTA0129.png,PASTA
CHOCOLATE/CHOCOLATE0213.png,CHOCOLATE
FISH/FISH0081.png,FISH
CANDY/CANDY0262.png,CANDY
VINEGAR/VINEGAR0130.png,VINEGAR
TEA/TEA0102.png,TEA
CANDY/CANDY0315.png,CANDY
SUGAR/SUGAR0064.png,SUGAR
CANDY/CANDY0140.png,CANDY
JUICE/JUICE0250.png,JUICE
HONEY/HONEY0153.png,HONEY
CEREAL/CEREAL0098.png,CEREAL
RICE/RICE0055.png,RICE
CEREAL/CEREAL0180.png,CEREAL
SODA/SODA0094.png,SODA
OIL/OIL0033.png,OIL
CEREAL/CEREAL0240.png,CEREAL
SUGAR/SUGAR0091.png,SUGAR
NUTS/NUTS0013.png,NUTS
JUICE/JUICE0108.png,JUICE
RICE/RICE0022.png,RICE
COFFEE/COFFEE0180.png,COFFEE
TEA/TEA0177.png,TEA
VINEGAR/VINEGAR0008.png,VINEGAR
SUGAR/SUGAR0036.png,SUGAR
CEREAL/CEREAL0187.png,CEREAL
BEANS/BEANS0126.png,BEANS
NUTS/NUTS0163.png,NUTS
HONEY/HONEY0104.png,HONEY
JAM/JAM0223.png,JAM
SPICES/SPICES0113.png,SPICES
FISH/FISH0109.png,FISH
CAKE/CAKE0023.png,CAKE
TOMATO_SAUCE/TOMATO_SAUCE0148.png,TOMATO_SAUCE
CANDY/CANDY0077.png,CANDY
COFFEE/COFFEE0102.png,COFFEE
CHOCOLATE/CHOCOLATE0241.png,CHOCOLATE
OIL/OIL0013.png,OIL
MILK/MILK0150.png,MILK
PASTA/PASTA0133.png,PASTA
COFFEE/COFFEE0208.png,COFFEE
TOMATO_SAUCE/TOMATO_SAUCE0088.png,TOMATO_SAUCE
NUTS/NUTS0109.png,NUTS
RICE/RICE0016.png,RICE
HONEY/HONEY0065.png,HONEY
MILK/MILK0032.png,MILK
CORN/CORN0075.png,CORN
BEANS/BEANS0080.png,BEANS
OIL/OIL0087.png,OIL
PASTA/PASTA0036.png,PASTA
CEREAL/CEREAL0054.png,CEREAL
SPICES/SPICES0076.png,SPICES
CHIPS/CHIPS0090.png,CHIPS
VINEGAR/VINEGAR0038.png,VINEGAR
SUGAR/SUGAR0035.png,SUGAR
HONEY/HONEY0124.png,HONEY
FISH/FISH0026.png,FISH
JUICE/JUICE0111.png,JUICE
SUGAR/SUGAR0102.png,SUGAR
CHOCOLATE/CHOCOLATE0154.png,CHOCOLATE
CHOCOLATE/CHOCOLATE0165.png,CHOCOLATE
NUTS/NUTS0039.png,NUTS
JAM/JAM0192.png,JAM
HONEY/HONEY0184.png,HONEY
CHIPS/CHIPS0161.png,CHIPS
OIL/OIL0075.png,OIL
CORN/CORN0065.png,CORN
SUGAR/SUGAR0052.png,SUGAR
COFFEE/COFFEE0036.png,COFFEE
CHIPS/CHIPS0166.png,CHIPS
COFFEE/COFFEE0270.png,COFFEE
TOMATO_SAUCE/TOMATO_SAUCE0009.png,TOMATO_SAUCE
TOMATO_SAUCE/TOMATO_SAUCE0043.png,TOMATO_SAUCE
MILK/MILK0046.png,MILK
SPICES/SPICES0000.png,SPICES
SODA/SODA0002.png,SODA
FLOUR/FLOUR0076.png,FLOUR
BEANS/BEANS0032.png,BEANS
SODA/SODA0023.png,SODA
CEREAL/CEREAL0009.png,CEREAL
CAKE/CAKE0015.png,CAKE
CORN/CORN0028.png,CORN
VINEGAR/VINEGAR0004.png,VINEGAR
COFFEE/COFFEE0118.png,COFFEE
RICE/RICE0092.png,RICE
COFFEE/COFFEE0120.png,COFFEE
OIL/OIL0109.png,OIL
CEREAL/CEREAL0270.png,CEREAL
VINEGAR/VINEGAR0014.png,VINEGAR
HONEY/HONEY0173.png,HONEY
JUICE/JUICE0262.png,JUICE
TEA/TEA0043.png,TEA
MILK/MILK0078.png,MILK
WATER/WATER0035.png,WATER
RICE/RICE0087.png,RICE
TOMATO_SAUCE/TOMATO_SAUCE0122.png,TOMATO_SAUCE
FLOUR/FLOUR0058.png,FLOUR
CHOCOLATE/CHOCOLATE0280.png,CHOCOLATE
COFFEE/COFFEE0247.png,COFFEE
CANDY/CANDY0341.png,CANDY
WATER/WATER0056.png,WATER
CORN/CORN0032.png,CORN
CHOCOLATE/CHOCOLATE0179.png,CHOCOLATE
SODA/SODA0137.png,SODA
BEANS/BEANS0073.png,BEANS
BEANS/BEANS0115.png,BEANS
NUTS/NUTS0131.png,NUTS
COFFEE/COFFEE0257.png,COFFEE
COFFEE/COFFEE0240.png,COFFEE
MILK/MILK0054.png,MILK
TOMATO_SAUCE/TOMATO_SAUCE0073.png,TOMATO_SAUCE
WATER/WATER0130.png,WATER
CORN/CORN0074.png,CORN
CORN/CORN0001.png,CORN
TEA/TEA0227.png,TEA
SPICES/SPICES0092.png,SPICES
COFFEE/COFFEE0070.png,COFFEE
CORN/CORN0084.png,CORN
BEANS/BEANS0094.png,BEANS
OIL/OIL0112.png,OIL
OIL/OIL0109.png,OIL
WATER/WATER0024.png,WATER
NUTS/NUTS0080.png,NUTS
CHIPS/CHIPS0039.png,CHIPS
JUICE/JUICE0264.png,JUICE
CHOCOLATE/CHOCOLATE0264.png,CHOCOLATE
MILK/MILK0035.png,MILK
SUGAR/SUGAR0088.png,SUGAR
CHOCOLATE/CHOCOLATE0152.png,CHOCOLATE
COFFEE/COFFEE0047.png,COFFEE
VINEGAR/VINEGAR0116.png,VINEGAR
SPICES/SPICES0068.png,SPICES
TOMATO_SAUCE/TOMATO_SAUCE0098.png,TOMATO_SAUCE
CHOCOLATE/CHOCOLATE0297.png,CHOCOLATE
MILK/MILK0026.png,MILK
TEA/TEA0199.png,TEA
SPICES/SPICES0121.png,SPICES
WATER/WATER0041.png,WATER
CHOCOLATE/CHOCOLATE0019.png,CHOCOLATE
RICE/RICE0000.png,RICE
CHOCOLATE/CHOCOLATE0013.png,CHOCOLATE
JAM/JAM0199.png,JAM
FISH/FISH0035.png,FISH
FISH/FISH0066.png,FISH
RICE/RICE0102.png,RICE
CANDY/CANDY0243.png,CANDY
CHOCOLATE/CHOCOLATE0004.png,CHOCOLATE
FISH/FISH0098.png,FISH
MILK/MILK0040.png,MILK
JUICE/JUICE0276.png,JUICE
HONEY/HONEY0072.png,HONEY
CANDY/CANDY0229.png,CANDY
BEANS/BEANS0072.png,BEANS
PASTA/PASTA0039.png,PASTA
SODA/SODA0016.png,SODA
PASTA/PASTA0111.png,PASTA
CANDY/CANDY0212.png,CANDY
VINEGAR/VINEGAR0050.png,VINEGAR
OIL/OIL0021.png,OIL
JUICE/JUICE0141.png,JUICE
CEREAL/CEREAL0131.png,CEREAL
SUGAR/SUGAR0083.png,SUGAR
TEA/TEA0245.png,TEA
JAM/JAM0049.png,JAM
SPICES/SPICES0123.png,SPICES
JUICE/JUICE0106.png,JUICE
WATER/WATER0250.png,WATER
TOMATO_SAUCE/TOMATO_SAUCE0083.png,TOMATO_SAUCE
COFFEE/COFFEE0077.png,COFFEE
CANDY/CANDY0215.png,CANDY
MILK/MILK0103.png,MILK
CHOCOLATE/CHOCOLATE0056.png,CHOCOLATE
OIL/OIL0066.png,OIL
PASTA/PASTA0056.png,PASTA
SUGAR/SUGAR0107.png,SUGAR
NUTS/NUTS0045.png,NUTS
HONEY/HONEY0058.png,HONEY
CHIPS/CHIPS0055.png,CHIPS
MILK/MILK0025.png,MILK
CHIPS/CHIPS0132.png,CHIPS
MILK/MILK0139.png,MILK
TOMATO_SAUCE/TOMATO_SAUCE0150.png,TOMATO_SAUCE
CORN/CORN0012.png,CORN
CHOCOLATE/CHOCOLATE0199.png,CHOCOLATE
COFFEE/COFFEE0238.png,COFFEE
WATER/WATER0168.png,WATER
TEA/TEA0054.png,TEA
NUTS/NUTS0085.png,NUTS
BEANS/BEANS0047.png,BEANS
JUICE/JUICE0088.png,JUICE
CEREAL/CEREAL0028.png,CEREAL
SUGAR/SUGAR0108.png,SUGAR
CANDY/CANDY0012.png,CANDY
CHIPS/CHIPS0016.png,CHIPS
JAM/JAM0171.png,JAM
COFFEE/COFFEE0176.png,COFFEE
HONEY/HONEY0170.png,HONEY
FISH/FISH0004.png,FISH
CAKE/CAKE0110.png,CAKE
CORN/CORN0035.png,CORN
JUICE/JUICE0104.png,JUICE
RICE/RICE0006.png,RICE
OIL/OIL0018.png,OIL
CEREAL/CEREAL0090.png,CEREAL
MILK/MILK0019.png,MILK
VINEGAR/VINEGAR0074.png,VINEGAR
JUICE/JUICE0064.png,JUICE
TEA/TEA0221.png,TEA
COFFEE/COFFEE0093.png,COFFEE
CORN/CORN0090.png,CORN
RICE/RICE0005.png,RICE
WATER/WATER0105.png,WATER
CAKE/CAKE0057.png,CAKE
CHIPS/CHIPS0129.png,CHIPS
RICE/RICE0013.png,RICE
HONEY/HONEY0062.png,HONEY
SUGAR/SUGAR0004.png,SUGAR
NUTS/NUTS0081.png,NUTS
FLOUR/FLOUR0088.png,FLOUR
TEA/TEA0250.png,TEA
TOMATO_SAUCE/TOMATO_SAUCE0074.png,TOMATO_SAUCE
CORN/CORN0053.png,CORN
VINEGAR/VINEGAR0034.png,VINEGAR
SUGAR/SUGAR0092.png,SUGAR
COFFEE/COFFEE0152.png,COFFEE
CEREAL/CEREAL0115.png,CEREAL
CEREAL/CEREAL0153.png,CEREAL
TEA/TEA0012.png,TEA
FLOUR/FLOUR0007.png,FLOUR
PASTA/PASTA0012.png,PASTA
OIL/OIL0047.png,OIL
CHOCOLATE/CHOCOLATE0136.png,CHOCOLATE
COFFEE/COFFEE0254.png,COFFEE
SUGAR/SUGAR0044.png,SUGAR
CHOCOLATE/CHOCOLATE0167.png,CHOCOLATE
RICE/RICE0084.png,RICE
TEA/TEA0141.png,TEA
CHOCOLATE/CHOCOLATE0140.png,CHOCOLATE
CANDY/CANDY0305.png,CANDY
NUTS/NUTS0145.png,NUTS
CANDY/CANDY0295.png,CANDY
TOMATO_SAUCE/TOMATO_SAUCE0100.png,TOMATO_SAUCE
SUGAR/SUGAR0114.png,SUGAR
SPICES/SPICES0043.png,SPICES
FISH/FISH0072.png,FISH
HONEY/HONEY0069.png,HONEY
RICE/RICE0128.png,RICE
OIL/OIL0120.png,OIL
NUTS/NUTS0059.png,NUTS
CANDY/CANDY0340.png,CANDY
RICE/RICE0149.png,RICE
CANDY/CANDY0223.png,CANDY
CAKE/CAKE0047.png,CAKE
CAKE/CAKE0079.png,CAKE
WATER/WATER0117.png,WATER
FISH/FISH0008.png,FISH
TOMATO_SAUCE/TOMATO_SAUCE0112.png,TOMATO_SAUCE
TOMATO_SAUCE/TOMATO_SAUCE0022.png,TOMATO_SAUCE
FLOUR/FLOUR0072.png,FLOUR
FLOUR/FLOUR0021.png,FLOUR
JAM/JAM0001.png,JAM
CORN/CORN0014.png,CORN
CORN/CORN0059.png,CORN
SODA/SODA0086.png,SODA
CANDY/CANDY0043.png,CANDY
PASTA/PASTA0003.png,PASTA
CAKE/CAKE0048.png,CAKE
CHOCOLATE/CHOCOLATE0009.png,CHOCOLATE
MILK/MILK0051.png,MILK
TEA/TEA0085.png,TEA
SODA/SODA0084.png,SODA
SPICES/SPICES0118.png,SPICES
SPICES/SPICES0073.png,SPICES
CAKE/CAKE0144.png,CAKE
COFFEE/COFFEE0260.png,COFFEE
CHIPS/CHIPS0022.png,CHIPS
FISH/FISH0041.png,FISH
CORN/CORN0045.png,CORN
COFFEE/COFFEE0071.png,COFFEE
CANDY/CANDY0002.png,CANDY
CORN/CORN0055.png,CORN
JAM/JAM0210.png,JAM
COFFEE/COFFEE0107.png,COFFEE
HONEY/HONEY0130.png,HONEY
NUTS/NUTS0130.png,NUTS
HONEY/HONEY0061.png,HONEY
RICE/RICE0020.png,RICE
FLOUR/FLOUR0068.png,FLOUR
FISH/FISH0061.png,FISH
CANDY/CANDY0103.png,CANDY
FISH/FISH0089.png,FISH
CAKE/CAKE0115.png,CAKE
VINEGAR/VINEGAR0102.png,VINEGAR
CHIPS/CHIPS0012.png,CHIPS
WATER/WATER0202.png,WATER
SODA/SODA0023.png,SODA
CHOCOLATE/CHOCOLATE0107.png,CHOCOLATE
TEA/TEA0061.png,TEA
JAM/JAM0132.png,JAM
BEANS/BEANS0042.png,BEANS
COFFEE/COFFEE0214.png,COFFEE
FLOUR/FLOUR0004.png,FLOUR
JAM/JAM0060.png,JAM
SUGAR/SUGAR0055.png,SUGAR
SODA/SODA0019.png,SODA
RICE/RICE0014.png,RICE
JAM/JAM0070.png,JAM
BEANS/BEANS0041.png,BEANS
CEREAL/CEREAL0178.png,CEREAL
SPICES/SPICES0104.png,SPICES
CHOCOLATE/CHOCOLATE0238.png,CHOCOLATE
PASTA/PASTA0102.png,PASTA
FISH/FISH0004.png,FISH
JUICE/JUICE0200.png,JUICE
CORN/CORN0034.png,CORN
TEA/TEA0039.png,TEA
FISH/FISH0003.png,FISH
TEA/TEA0194.png,TEA
JAM/JAM0014.png,JAM
VINEGAR/VINEGAR0079.png,VINEGAR
CEREAL/CEREAL0106.png,CEREAL
FLOUR/FLOUR0043.png,FLOUR
COFFEE/COFFEE0154.png,COFFEE
PASTA/PASTA0068.png,PASTA
MILK/MILK0124.png,MILK
MILK/MILK0107.png,MILK
HONEY/HONEY0043.png,HONEY
TEA/TEA0124.png,TEA
WATER/WATER0214.png,WATER
CANDY/CANDY0055.png,CANDY
CAKE/CAKE0005.png,CAKE
WATER/WATER0044.png,WATER
JUICE/JUICE0249.png,JUICE
RICE/RICE0061.png,RICE
PASTA/PASTA0043.png,PASTA
CHIPS/CHIPS0065.png,CHIPS
NUTS/NUTS0147.png,NUTS
HONEY/HONEY0010.png,HONEY
CORN/CORN0015.png,CORN
CEREAL/CEREAL0277.png,CEREAL
CHOCOLATE/CHOCOLATE0226.png,CHOCOLATE
VINEGAR/VINEGAR0019.png,VINEGAR
JUICE/JUICE0068.png,JUICE
JUICE/JUICE0179.png,JUICE
NUTS/NUTS0050.png,NUTS
JUICE/JUICE0125.png,JUICE
CANDY/CANDY0323.png,CANDY
TEA/TEA0020.png,TEA
OIL/OIL0065.png,OIL
RICE/RICE0051.png,RICE
JUICE/JUICE0079.png,JUICE
SPICES/SPICES0104.png,SPICES
SPICES/SPICES0017.png,SPICES
FLOUR/FLOUR0035.png,FLOUR
NUTS/NUTS0104.png,NUTS
TOMATO_SAUCE/TOMATO_SAUCE0119.png,TOMATO_SAUCE
JUICE/JUICE0017.png,JUICE
CHIPS/CHIPS0163.png,CHIPS
JAM/JAM0082.png,JAM
SODA/SODA0131.png,SODA
CANDY/CANDY0312.png,CANDY
VINEGAR/VINEGAR0065.png,VINEGAR
JAM/JAM0028.png,JAM
CANDY/CANDY0105.png,CANDY
SPICES/SPICES0135.png,SPICES
TEA/TEA0209.png,TEA
CAKE/CAKE0108.png,CAKE
CEREAL/CEREAL0182.png,CEREAL
CAKE/CAKE0098.png,CAKE
NUTS/NUTS0108.png,NUTS
FLOUR/FLOUR0015.png,FLOUR
CORN/CORN0054.png,CORN
CANDY/CANDY0166.png,CANDY
CHIPS/CHIPS0122.png,CHIPS
TEA/TEA0073.png,TEA
OIL/OIL0049.png,OIL
CEREAL/CEREAL0011.png,CEREAL
COFFEE/COFFEE0122.png,COFFEE
FISH/FISH0019.png,FISH
FLOUR/FLOUR0044.png,FLOUR
RICE/RICE0065.png,RICE
CANDY/CANDY0201.png,CANDY
NUTS/NUTS0019.png,NUTS
FISH/FISH0070.png,FISH
CEREAL/CEREAL0114.png,CEREAL
TOMATO_SAUCE/TOMATO_SAUCE0135.png,TOMATO_SAUCE
TEA/TEA0222.png,TEA
RICE/RICE0100.png,RICE
COFFEE/COFFEE0103.png,COFFEE
SUGAR/SUGAR0037.png,SUGAR
JUICE/JUICE0110.png,JUICE
NUTS/NUTS0094.png,NUTS
COFFEE/COFFEE0074.png,COFFEE
WATER/WATER0209.png,WATER
CHIPS/CHIPS0066.png,CHIPS
CHOCOLATE/CHOCOLATE0141.png,CHOCOLATE
FISH/FISH0065.png,FISH
PASTA/PASTA0135.png,PASTA
TOMATO_SAUCE/TOMATO_SAUCE0065.png,TOMATO_SAUCE
BEANS/BEANS0012.png,BEANS
SODA/SODA0028.png,SODA
TEA/TEA0072.png,TEA
TOMATO_SAUCE/TOMATO_SAUCE0119.png,TOMATO_SAUCE
CAKE/CAKE0051.png,CAKE
JUICE/JUICE0238.png,JUICE
OIL/OIL0005.png,OIL
CANDY/CANDY0236.png,CANDY
CAKE/CAKE0031.png,CAKE
CORN/CORN0058.png,CORN
BEANS/BEANS0111.png,BEANS
CEREAL/CEREAL0122.png,CEREAL
NUTS/NUTS0078.png,NUTS
RICE/RICE0010.png,RICE
JUICE/JUICE0257.png,JUICE
CAKE/CAKE0086.png,CAKE
CHOCOLATE/CHOCOLATE0142.png,CHOCOLATE
CEREAL/CEREAL0099.png,CEREAL
RICE/RICE0078.png,RICE
CANDY/CANDY0084.png,CANDY
CEREAL/CEREAL0060.png,CEREAL
FISH/FISH0108.png,FISH
CORN/CORN0055.png,CORN
VINEGAR/VINEGAR0110.png,VINEGAR
CORN/CORN0074.png,CORN
FLOUR/FLOUR0027.png,FLOUR
CHIPS/CHIPS0178.png,CHIPS
TEA/TEA0115.png,TEA
MILK/MILK0095.png,MILK
SODA/SODA0120.png,SODA
PASTA/PASTA0116.png,PASTA
TEA/TEA0011.png,TEA
JUICE/JUICE0010.png,JUICE
CANDY/CANDY0245.png,CANDY
PASTA/PASTA0167.png,PASTA
SPICES/SPICES0140.png,SPICES
HONEY/HONEY0015.png,HONEY
CANDY/CANDY0248.png,CANDY
CORN/CORN0075.png,CORN
SODA/SODA0143.png,SODA
NUTS/NUTS0088.png,NUTS
CHOCOLATE/CHOCOLATE0185.png,CHOCOLATE
CORN/CORN0039.png,CORN
JUICE/JUICE0175.png,JUICE
BEANS/BEANS0047.png,BEANS
CHOCOLATE/CHOCOLATE0090.png,CHOCOLATE
MILK/MILK0130.png,MILK
FISH/FISH0012.png,FISH
VINEGAR/VINEGAR0053.png,VINEGAR
COFFEE/COFFEE0281.png,COFFEE
TOMATO_SAUCE/TOMATO_SAUCE0129.png,TOMATO_SAUCE
FISH/FISH0012.png,FISH
CORN/CORN0096.png,CORN
CEREAL/CEREAL0157.png,CEREAL
CHIPS/CHIPS0111.png,CHIPS
JAM/JAM0104.png,JAM
CHIPS/CHIPS0019.png,CHIPS
OIL/OIL0134.png,OIL
SUGAR/SUGAR0030.png,SUGAR
FLOUR/FLOUR0095.png,FLOUR
CAKE/CAKE0105.png,CAKE
COFFEE/COFFEE0028.png,COFFEE
CEREAL/CEREAL0118.png,CEREAL
CANDY/CANDY0240.png,CANDY
CAKE/CAKE0005.png,CAKE
FISH/FISH0006.png,FISH
TOMATO_SAUCE/TOMATO_SAUCE0048.png,TOMATO_SAUCE
TEA/TEA0161.png,TEA
CORN/CORN0059.png,CORN
TEA/TEA0070.png,TEA
CORN/CORN0078.png,CORN
TOMATO_SAUCE/TOMATO_SAUCE0120.png,TOMATO_SAUCE
TEA/TEA0123.png,TEA
OIL/OIL0054.png,OIL
JUICE/JUICE0259.png,JUICE
CORN/CORN0021.png,CORN
OIL/OIL0095.png,OIL
JUICE/JUICE0020.png,JUICE
VINEGAR/VINEGAR0101.png,VINEGAR
VINEGAR/VINEGAR0018.png,VINEGAR
CEREAL/CEREAL0263.png,CEREAL
CAKE/CAKE0026.png,CAKE
JUICE/JUICE0083.png,JUICE
SUGAR/SUGAR0093.png,SUGAR
FLOUR/FLOUR0011.png,FLOUR
FISH/FISH0066.png,FISH
CHOCOLATE/CHOCOLATE0006.png,CHOCOLATE
CHIPS/CHIPS0164.png,CHIPS
CAKE/CAKE0081.png,CAKE
JAM/JAM0181.png,JAM
FLOUR/FLOUR0003.png,FLOUR
FLOUR/FLOUR0105.png,FLOUR
CANDY/CANDY0065.png,CANDY
BEANS/BEANS0051.png,BEANS
FISH/FISH0087.png,FISH
NUTS/NUTS0073.png,NUTS
CORN/CORN0085.png,CORN
CORN/CORN0072.png,CORN
WATER/WATER0179.png,WATER
OIL/OIL0073.png,OIL
COFFEE/COFFEE0199.png,COFFEE
CHOCOLATE/CHOCOLATE0016.png,CHOCOLATE
SPICES/SPICES0042.png,SPICES
CHOCOLATE/CHOCOLATE0132.png,CHOCOLATE
SPICES/SPICES0084.png,SPICES
FLOUR/FLOUR0036.png,FLOUR
CAKE/CAKE0083.png,CAKE
RICE/RICE0123.png,RICE
SUGAR/SUGAR0011.png,SUGAR
CHOCOLATE/CHOCOLATE0221.png,CHOCOLATE
CEREAL/CEREAL0156.png,CEREAL
VINEGAR/VINEGAR0047.png,VINEGAR
CAKE/CAKE0157.png,CAKE
TEA/TEA0184.png,TEA
BEANS/BEANS0074.png,BEANS
CHOCOLATE/CHOCOLATE0193.png,CHOCOLATE
COFFEE/COFFEE0001.png,COFFEE
VINEGAR/VINEGAR0075.png,VINEGAR
PASTA/PASTA0022.png,PASTA
BEANS/BEANS0119.png,BEANS
WATER/WATER0222.png,WATER
SPICES/SPICES0136.png,SPICES
MILK/MILK0128.png,MILK
OIL/OIL0023.png,OIL
HONEY/HONEY0049.png,HONEY
NUTS/NUTS0098.png,NUTS
WATER/WATER0218.png,WATER
FISH/FISH0033.png,FISH
SUGAR/SUGAR0021.png,SUGAR
CHIPS/CHIPS0109.png,CHIPS
FLOUR/FLOUR0040.png,FLOUR
WATER/WATER0093.png,WATER
TEA/TEA0139.png,TEA
RICE/RICE0099.png,RICE
TEA/TEA0153.png,TEA
SODA/SODA0075.png,SODA
CHOCOLATE/CHOCOLATE0290.png,CHOCOLATE
NUTS/NUTS0160.png,NUTS
SPICES/SPICES0080.png,SPICES
NUTS/NUTS0030.png,NUTS
SODA/SODA0091.png,SODA
COFFEE/COFFEE0262.png,COFFEE
TOMATO_SAUCE/TOMATO_SAUCE0063.png,TOMATO_SAUCE
TEA/TEA0113.png,TEA
JUICE/JUICE0192.png,JUICE
VINEGAR/VINEGAR0070.png,VINEGAR
CANDY/CANDY0112.png,CANDY
WATER/WATER0023.png,WATER
JUICE/JUICE0219.png,JUICE
SODA/SODA0069.png,SODA
TEA/TEA0094.png,TEA
HONEY/HONEY0009.png,HONEY
FISH/FISH0021.png,FISH
CORN/CORN0018.png,CORN
PASTA/PASTA0030.png,PASTA
CAKE/CAKE0123.png,CAKE
TEA/TEA0244.png,TEA
TOMATO_SAUCE/TOMATO_SAUCE0062.png,TOMATO_SAUCE
RICE/RICE0014.png,RICE
COFFEE/COFFEE0217.png,COFFEE
SUGAR/SUGAR0032.png,SUGAR
CHIPS/CHIPS0003.png,CHIPS
JAM/JAM0185.png,JAM
CANDY/CANDY0268.png,CANDY
BEANS/BEANS0052.png,BEANS
PASTA/PASTA0025.png,PASTA
FISH/FISH0091.png,FISH
CORN/CORN0086.png,CORN
SODA/SODA0074.png,SODA
FLOUR/FLOUR0017.png,FLOUR
CAKE/CAKE0114.png,CAKE
FLOUR/FLOUR0083.png,FLOUR
CANDY/CANDY0313.png,CANDY
CEREAL/CEREAL0126.png,CEREAL
CHIPS/CHIPS0114.png,CHIPS
CAKE/CAKE0033.png,CAKE
CHOCOLATE/CHOCOLATE0122.png,CHOCOLATE
WATER/WATER0144.png,WATER
COFFEE/COFFEE0289.png,COFFEE
OIL/OIL0053.png,OIL
CHOCOLATE/CHOCOLATE0298.png,CHOCOLATE
SUGAR/SUGAR0077.png,SUGAR
SUGAR/SUGAR0079.png,SUGAR
OIL/OIL0060.png,OIL
JAM/JAM0219.png,JAM
PASTA/PASTA0107.png,PASTA
MILK/MILK0032.png,MILK
CHOCOLATE/CHOCOLATE0068.png,CHOCOLATE
CHOCOLATE/CHOCOLATE0188.png,CHOCOLATE
TOMATO_SAUCE/TOMATO_SAUCE0134.png,TOMATO_SAUCE
BEANS/BEANS0036.png,BEANS
TEA/TEA0097.png,TEA
WATER/WATER0052.png,WATER
MILK/MILK0070.png,MILK
MILK/MILK0112.png,MILK
BEANS/BEANS0065.png,BEANS
COFFEE/COFFEE0034.png,COFFEE
BEANS/BEANS0066.png,BEANS
RICE/RICE0040.png,RICE
TEA/TEA0217.png,TEA
PASTA/PASTA0039.png,PASTA
CHIPS/CHIPS0123.png,CHIPS
COFFEE/COFFEE0182.png,COFFEE
JUICE/JUICE0210.png,JUICE
VINEGAR/VINEGAR0117.png,VINEGAR
VINEGAR/VINEGAR0126.png,VINEGAR
JAM/JAM0141.png,JAM
CANDY/CANDY0023.png,CANDY
PASTA/PASTA0010.png,PASTA
CEREAL/CEREAL0052.png,CEREAL
CHIPS/CHIPS0142.png,CHIPS
CEREAL/CEREAL0275.png,CEREAL
PASTA/PASTA0162.png,PASTA
FLOUR/FLOUR0014.png,FLOUR
CHIPS/CHIPS0048.png,CHIPS
FISH/FISH0091.png,FISH
RICE/RICE0007.png,RICE
OIL/OIL0137.png,OIL
HONEY/HONEY0085.png,HONEY
CEREAL/CEREAL0160.png,CEREAL
NUTS/NUTS0122.png,NUTS
JAM/JAM0225.png,JAM
RICE/RICE0124.png,RICE
CANDY/CANDY0285.png,CANDY
HONEY/HONEY0107.png,HONEY
TEA/TEA0013.png,TEA
CANDY/CANDY0220.png,CANDY
FLOUR/FLOUR0009.png,FLOUR
CEREAL/CEREAL0259.png,CEREAL
CHIPS/CHIPS0033.png,CHIPS
TOMATO_SAUCE/TOMATO_SAUCE0028.png,TOMATO_SAUCE
TOMATO_SAUCE/TOMATO_SAUCE0023.png,TOMATO_SAUCE
TOMATO_SAUCE/TOMATO_SAUCE0017.png,TOMATO_SAUCE
CORN/CORN0073.png,CORN
TEA/TEA0129.png,TEA
JUICE/JUICE0053.png,JUICE
TEA/TEA0103.png,TEA
CAKE/CAKE0159.png,CAKE
WATER/WATER0030.png,WATER
SPICES/SPICES0097.png,SPICES
JAM/JAM0121.png,JAM
JAM/JAM0059.png,JAM
CEREAL/CEREAL0015.png,CEREAL
SODA/SODA0027.png,SODA
WATER/WATER0072.png,WATER
CANDY/CANDY0186.png,CANDY
SODA/SODA0029.png,SODA
CANDY/CANDY0217.png,CANDY
JUICE/JUICE0206.png,JUICE
JUICE/JUICE0222.png,JUICE
CEREAL/CEREAL0234.png,CEREAL
WATER/WATER0000.png,WATER
SODA/SODA0046.png,SODA
CORN/CORN0074.png,CORN
JAM/JAM0034.png,JAM
SPICES/SPICES0007.png,SPICES
JUICE/JUICE0292.png,JUICE
FISH/FISH0066.png,FISH
CORN/CORN0063.png,CORN
FLOUR/FLOUR0052.png,FLOUR
JUICE/JUICE0151.png,JUICE
COFFEE/COFFEE0265.png,COFFEE
TEA/TEA0140.png,TEA
TOMATO_SAUCE/TOMATO_SAUCE0143.png,TOMATO_SAUCE
NUTS/NUTS0114.png,NUTS
JAM/JAM0105.png,JAM
PASTA/PASTA0077.png,PASTA
SPICES/SPICES0042.png,SPICES
JAM/JAM0099.png,JAM
FISH/FISH0061.png,FISH
NUTS/NUTS0107.png,NUTS
COFFEE/COFFEE0151.png,COFFEE
RICE/RICE0027.png,RICE
JUICE/JUICE0209.png,JUICE
JUICE/JUICE0258.png,JUICE
CANDY/CANDY0143.png,CANDY
SODA/SODA0136.png,SODA
CAKE/CAKE0034.png,CAKE
NUTS/NUTS0017.png,NUTS
TEA/TEA0002.png,TEA
PASTA/PASTA0105.png,PASTA
JAM/JAM0158.png,JAM
CORN/CORN0069.png,CORN
HONEY/HONEY0091.png,HONEY
CAKE/CAKE0109.png,CAKE
JAM/JAM0039.png,JAM
JUICE/JUICE0268.png,JUICE
COFFEE/COFFEE0082.png,COFFEE
JUICE/JUICE0215.png,JUICE
FISH/FISH0089.png,FISH
SODA/SODA0062.png,SODA
JUICE/JUICE0031.png,JUICE
VINEGAR/VINEGAR0153.png,VINEGAR
CANDY/CANDY0087.png,CANDY
CHOCOLATE/CHOCOLATE0131.png,CHOCOLATE
SODA/SODA0015.png,SODA
CHOCOLATE/CHOCOLATE0071.png,CHOCOLATE
TOMATO_SAUCE/TOMATO_SAUCE0094.png,TOMATO_SAUCE
WATER/WATER0099.png,WATER
TEA/TEA0202.png,TEA
NUTS/NUTS0157.png,NUTS
CAKE/CAKE0099.png,CAKE
CORN/CORN0070.png,CORN
TEA/TEA0041.png,TEA
CHIPS/CHIPS0165.png,CHIPS
CEREAL/CEREAL0100.png,CEREAL
JUICE/JUICE0171.png,JUICE
TEA/TEA0109.png,TEA
TEA/TEA0114.png,TEA
WATER/WATER0235.png,WATER
SPICES/SPICES0023.png,SPICES
JUICE/JUICE0198.png,JUICE
TOMATO_SAUCE/TOMATO_SAUCE0047.png,TOMATO_SAUCE
CEREAL/CEREAL0023.png,CEREAL
MILK/MILK0131.png,MILK
CANDY/CANDY0368.png,CANDY
HONEY/HONEY0151.png,HONEY
CAKE/CAKE0058.png,CAKE
RICE/RICE0002.png,RICE
CHOCOLATE/CHOCOLATE0198.png,CHOCOLATE
SUGAR/SUGAR0058.png,SUGAR
CHOCOLATE/CHOCOLATE0138.png,CHOCOLATE
PASTA/PASTA0094.png,PASTA
COFFEE/COFFEE0161.png,COFFEE
CORN/CORN0037.png,CORN
CHIPS/CHIPS0180.png,CHIPS
CEREAL/CEREAL0132.png,CEREAL
CANDY/CANDY0204.png,CANDY
WATER/WATER0075.png,WATER
CEREAL/CEREAL0123.png,CEREAL
COFFEE/COFFEE0206.png,COFFEE
SUGAR/SUGAR0100.png,SUGAR
CORN/CORN0040.png,CORN
JAM/JAM0189.png,JAM
WATER/WATER0060.png,WATER
FISH/FISH0045.png,FISH
SODA/SODA0034.png,SODA
CEREAL/CEREAL0048.png,CEREAL
RICE/RICE0085.png,RICE
CHIPS/CHIPS0109.png,CHIPS
SUGAR/SUGAR0037.png,SUGAR
OIL/OIL0007.png,OIL
PASTA/PASTA0020.png,PASTA
CANDY/CANDY0364.png,CANDY
FISH/FISH0094.png,FISH
SUGAR/SUGAR0027.png,SUGAR
SPICES/SPICES0007.png,SPICES
CEREAL/CEREAL0245.png,CEREAL
SPICES/SPICES0078.png,SPICES
SUGAR/SUGAR0065.png,SUGAR
NUTS/NUTS0012.png,NUTS
CORN/CORN0080.png,CORN
FLOUR/FLOUR0020.png,FLOUR
RICE/RICE0099.png,RICE
BEANS/BEANS0096.png,BEANS
WATER/WATER0065.png,WATER
CEREAL/CEREAL0067.png,CEREAL
BEANS/BEANS0073.png,BEANS
CEREAL/CEREAL0163.png,CEREAL
OIL/OIL0071.png,OIL
SODA/SODA0087.png,SODA
FISH/FISH0034.png,FISH
WATER/WATER0110.png,WATER
CORN/CORN0073.png,CORN
JUICE/JUICE0033.png,JUICE
CEREAL/CEREAL0258.png,CEREAL
PASTA/PASTA0057.png,PASTA
CHOCOLATE/CHOCOLATE0070.png,CHOCOLATE
JAM/JAM0032.png,JAM
CHOCOLATE/CHOCOLATE0057.png,CHOCOLATE
WATER/WATER0200.png,WATER
NUTS/NUTS0151.png,NUTS
JAM/JAM0125.png,JAM
CANDY/CANDY0263.png,CANDY
CEREAL/CEREAL0208.png,CEREAL
SPICES/SPICES0089.png,SPICES
FLOUR/FLOUR0108.png,FLOUR
CEREAL/CEREAL0242.png,CEREAL
CHOCOLATE/CHOCOLATE0211.png,CHOCOLATE
BEANS/BEANS0116.png,BEANS
OIL/OIL0113.png,OIL
CAKE/CAKE0073.png,CAKE
JAM/JAM0133.png,JAM
WATER/WATER0239.png,WATER
CANDY/CANDY0123.png,CANDY
COFFEE/COFFEE0063.png,COFFEE
MILK/MILK0001.png,MILK
CHOCOLATE/CHOCOLATE0223.png,CHOCOLATE
CORN/CORN0015.png,CORN
HONEY/HONEY0120.png,HONEY
HONEY/HONEY0109.png,HONEY
FLOUR/FLOUR0090.png,FLOUR
WATER/WATER0059.png,WATER
CEREAL/CEREAL0136.png,CEREAL
JAM/JAM0150.png,JAM
TEA/TEA0162.png,TEA
FLOUR/FLOUR0006.png,FLOUR
SPICES/SPICES0111.png,SPICES
NUTS/NUTS0018.png,NUTS
VINEGAR/VINEGAR0140.png,VINEGAR
CAKE/CAKE0065.png,CAKE
VINEGAR/VINEGAR0004.png,VINEGAR
VINEGAR/VINEGAR0151.png,VINEGAR
JUICE/JUICE0280.png,JUICE
MILK/MILK0132.png,MILK
WATER/WATER0174.png,WATER
CHIPS/CHIPS0084.png,CHIPS
CANDY/CANDY0359.png,CANDY
TEA/TEA0062.png,TEA
VINEGAR/VINEGAR0020.png,VINEGAR
MILK/MILK0140.png,MILK
WATER/WATER0197.png,WATER
CANDY/CANDY0265.png,CANDY
FLOUR/FLOUR0016.png,FLOUR
HONEY/HONEY0156.png,HONEY
TEA/TEA0116.png,TEA
JAM/JAM0134.png,JAM
COFFEE/COFFEE0177.png,COFFEE
BEANS/BEANS0046.png,BEANS
CANDY/CANDY0039.png,CANDY
WATER/WATER0227.png,WATER
SODA/SODA0123.png,SODA
TOMATO_SAUCE/TOMATO_SAUCE0099.png,TOMATO_SAUCE
CANDY/CANDY0092.png,CANDY
VINEGAR/VINEGAR0096.png,VINEGAR
JUICE/JUICE0221.png,JUICE
CANDY/CANDY0046.png,CANDY
WATER/WATER0184.png,WATER
FISH/FISH0107.png,FISH
CHOCOLATE/CHOCOLATE0121.png,CHOCOLATE
VINEGAR/VINEGAR0129.png,VINEGAR
CANDY/CANDY0169.png,CANDY
CHIPS/CHIPS0096.png,CHIPS
COFFEE/COFFEE0193.png,COFFEE
CAKE/CAKE0115.png,CAKE
VINEGAR/VINEGAR0030.png,VINEGAR
CORN/CORN0016.png,CORN
TOMATO_SAUCE/TOMATO_SAUCE0127.png,TOMATO_SAUCE
BEANS/BEANS0008.png,BEANS
CEREAL/CEREAL0037.png,CEREAL
SODA/SODA0015.png,SODA
MILK/MILK0004.png,MILK
OIL/OIL0096.png,OIL
COFFEE/COFFEE0293.png,COFFEE
VINEGAR/VINEGAR0021.png,VINEGAR
OIL/OIL0044.png,OIL
HONEY/HONEY0042.png,HONEY
CHOCOLATE/CHOCOLATE0182.png,CHOCOLATE
CORN/CORN0091.png,CORN
CHOCOLATE/CHOCOLATE0172.png,CHOCOLATE
FLOUR/FLOUR0031.png,FLOUR
BEANS/BEANS0048.png,BEANS
JUICE/JUICE0114.png,JUICE
JUICE/JUICE0160.png,JUICE
CORN/CORN0062.png,CORN
CANDY/CANDY0091.png,CANDY
FLOUR/FLOUR0034.png,FLOUR
BEANS/BEANS0041.png,BEANS
COFFEE/COFFEE0135.png,COFFEE
CEREAL/CEREAL0124.png,CEREAL
SODA/SODA0146.png,SODA
TEA/TEA0078.png,TEA
CANDY/CANDY0131.png,CANDY
CORN/CORN0069.png,CORN
SODA/SODA0029.png,SODA
BEANS/BEANS0118.png,BEANS
HONEY/HONEY0025.png,HONEY
CHIPS/CHIPS0037.png,CHIPS
CHOCOLATE/CHOCOLATE0008.png,CHOCOLATE
CAKE/CAKE0066.png,CAKE
JUICE/JUICE0246.png,JUICE
WATER/WATER0138.png,WATER
SODA/SODA0091.png,SODA
JUICE/JUICE0218.png,JUICE
SODA/SODA0056.png,SODA
FLOUR/FLOUR0013.png,FLOUR
CHIPS/CHIPS0054.png,CHIPS
SPICES/SPICES0026.png,SPICES
CAKE/CAKE0132.png,CAKE
RICE/RICE0132.png,RICE
FLOUR/FLOUR0055.png,FLOUR
TEA/TEA0232.png,TEA
CHIPS/CHIPS0081.png,CHIPS
FLOUR/FLOUR0022.png,FLOUR
TOMATO_SAUCE/TOMATO_SAUCE0069.png,TOMATO_SAUCE
MILK/MILK0041.png,MILK
JAM/JAM0085.png,JAM
CANDY/CANDY0203.png,CANDY
SPICES/SPICES0101.png,SPICES
PASTA/PASTA0163.png,PASTA
SUGAR/SUGAR0076.png,SUGAR
JUICE/JUICE0235.png,JUICE
COFFEE/COFFEE0183.png,COFFEE
CANDY/CANDY0167.png,CANDY
CHOCOLATE/CHOCOLATE0091.png,CHOCOLATE
COFFEE/COFFEE0003.png,COFFEE
SPICES/SPICES0067.png,SPICES
SODA/SODA0071.png,SODA
PASTA/PASTA0160.png,PASTA
WATER/WATER0090.png,WATER
SPICES/SPICES0117.png,SPICES
FLOUR/FLOUR0076.png,FLOUR
TOMATO_SAUCE/TOMATO_SAUCE0021.png,TOMATO_SAUCE
CHOCOLATE/CHOCOLATE0228.png,CHOCOLATE
CORN/CORN0091.png,CORN
MILK/MILK0054.png,MILK
CEREAL/CEREAL0040.png,CEREAL
CEREAL/CEREAL0001.png,CEREAL
JUICE/JUICE0096.png,JUICE
SUGAR/SUGAR0060.png,SUGAR
JAM/JAM0153.png,JAM
CANDY/CANDY0208.png,CANDY
VINEGAR/VINEGAR0107.png,VINEGAR
JAM/JAM0142.png,JAM
VINEGAR/VINEGAR0099.png,VINEGAR
TEA/TEA0092.png,TEA
WATER/WATER0237.png,WATER
RICE/RICE0008.png,RICE
CANDY/CANDY0119.png,CANDY
FLOUR/FLOUR0106.png,FLOUR
RICE/RICE0102.png,RICE
CEREAL/CEREAL0253.png,CEREAL
JAM/JAM0097.png,JAM
SUGAR/SUGAR0091.png,SUGAR
JUICE/JUICE0232.png,JUICE
BEANS/BEANS0032.png,BEANS
CANDY/CANDY0328.png,CANDY
PASTA/PASTA0162.png,PASTA
PASTA/PASTA0124.png,PASTA
RICE/RICE0025.png,RICE
JUICE/JUICE0201.png,JUICE
JAM/JAM0188.png,JAM
CAKE/CAKE0016.png,CAKE
CEREAL/CEREAL0111.png,CEREAL
TEA/TEA0149.png,TEA
MILK/MILK0151.png,MILK
FISH/FISH0088.png,FISH
WATER/WATER0149.png,WATER
PASTA/PASTA0048.png,PASTA
OIL/OIL0016.png,OIL
FISH/FISH0004.png,FISH
CAKE/CAKE0131.png,CAKE
NUTS/NUTS0044.png,NUTS
CORN/CORN0027.png,CORN
BEANS/BEANS0110.png,BEANS
JAM/JAM0180.png,JAM
SODA/SODA0008.png,SODA
SODA/SODA0069.png,SODA
BEANS/BEANS0076.png,BEANS
RICE/RICE0077.png,RICE
SPICES/SPICES0125.png,SPICES
CHOCOLATE/CHOCOLATE0181.png,CHOCOLATE
WATER/WATER0224.png,WATER
JAM/JAM0095.png,JAM
TEA/TEA0215.png,TEA
CORN/CORN0068.png,CORN
FLOUR/FLOUR0062.png,FLOUR
FLOUR/FLOUR0026.png,FLOUR
WATER/WATER0010.png,WATER
TOMATO_SAUCE/TOMATO_SAUCE0003.png,TOMATO_SAUCE
SUGAR/SUGAR0103.png,SUGAR
CAKE/CAKE0089.png,CAKE
SUGAR/SUGAR0069.png,SUGAR
SPICES/SPICES0123.png,SPICES
RICE/RICE0003.png,RICE
CANDY/CANDY0350.png,CANDY
PASTA/PASTA0073.png,PASTA
MILK/MILK0043.png,MILK
CHIPS/CHIPS0061.png,CHIPS
FLOUR/FLOUR0001.png,FLOUR
SUGAR/SUGAR0084.png,SUGAR
CANDY/CANDY0096.png,CANDY
CHOCOLATE/CHOCOLATE0189.png,CHOCOLATE
PASTA/PASTA0070.png,PASTA
JAM/JAM0096.png,JAM
PASTA/PASTA0032.png,PASTA
CANDY/CANDY0182.png,CANDY
FISH/FISH0034.png,FISH
COFFEE/COFFEE0136.png,COFFEE
CHOCOLATE/CHOCOLATE0093.png,CHOCOLATE
VINEGAR/VINEGAR0145.png,VINEGAR
PASTA/PASTA0104.png,PASTA
TEA/TEA0137.png,TEA
COFFEE/COFFEE0127.png,COFFEE
CEREAL/CEREAL0044.png,CEREAL
CEREAL/CEREAL0232.png,CEREAL
TEA/TEA0042.png,TEA
JUICE/JUICE0300.png,JUICE
FLOUR/FLOUR0107.png,FLOUR
CANDY/CANDY0308.png,CANDY
MILK/MILK0127.png,MILK
WATER/WATER0104.png,WATER
PASTA/PASTA0035.png,PASTA
PASTA/PASTA0095.png,PASTA
NUTS/NUTS0065.png,NUTS
OIL/OIL0072.png,OIL
TEA/TEA0057.png,TEA
BEANS/BEANS0033.png,BEANS
FISH/FISH0027.png,FISH
CHOCOLATE/CHOCOLATE0201.png,CHOCOLATE
FLOUR/FLOUR0075.png,FLOUR
CORN/CORN0016.png,CORN
BEANS/BEANS0039.png,BEANS
CORN/CORN0091.png,CORN
VINEGAR/VINEGAR0134.png,VINEGAR
FISH/FISH0026.png,FISH
BEANS/BEANS0086.png,BEANS
RICE/RICE0144.png,RICE
WATER/WATER0165.png,WATER
CAKE/CAKE0100.png,CAKE
VINEGAR/VINEGAR0055.png,VINEGAR
VINEGAR/VINEGAR0071.png,VINEGAR
JUICE/JUICE0101.png,JUICE
JUICE/JUICE0059.png,JUICE
HONEY/HONEY0082.png,HONEY
COFFEE/COFFEE0049.png,COFFEE
SUGAR/SUGAR0090.png,SUGAR
NUTS/NUTS0037.png,NUTS
CHOCOLATE/CHOCOLATE0109.png,CHOCOLATE
OIL/OIL0116.png,OIL
CORN/CORN0003.png,CORN
CHOCOLATE/CHOCOLATE0101.png,CHOCOLATE
RICE/RICE0117.png,RICE
FISH/FISH0083.png,FISH
VINEGAR/VINEGAR0127.png,VINEGAR
SODA/SODA0060.png,SODA
VINEGAR/VINEGAR0062.png,VINEGAR
HONEY/HONEY0059.png,HONEY
TEA/TEA0143.png,TEA
OIL/OIL0115.png,OIL
FISH/FISH0043.png,FISH
HONEY/HONEY0086.png,HONEY
VINEGAR/VINEGAR0020.png,VINEGAR
RICE/RICE0093.png,RICE
VINEGAR/VINEGAR0067.png,VINEGAR
CEREAL/CEREAL0030.png,CEREAL
SPICES/SPICES0126.png,SPICES
FLOUR/FLOUR0076.png,FLOUR
NUTS/NUTS0140.png,NUTS
JAM/JAM0182.png,JAM
OIL/OIL0114.png,OIL
CHIPS/CHIPS0026.png,CHIPS
VINEGAR/VINEGAR0086.png,VINEGAR
CANDY/CANDY0205.png,CANDY
JUICE/JUICE0297.png,JUICE
SUGAR/SUGAR0072.png,SUGAR
JUICE/JUICE0181.png,JUICE
SUGAR/SUGAR0018.png,SUGAR
HONEY/HONEY0021.png,HONEY
PASTA/PASTA0140.png,PASTA
TOMATO_SAUCE/TOMATO_SAUCE0069.png,TOMATO_SAUCE
CANDY/CANDY0006.png,CANDY
JAM/JAM0159.png,JAM
PASTA/PASTA0149.png,PASTA
TEA/TEA0065.png,TEA
FLOUR/FLOUR0104.png,FLOUR
TOMATO_SAUCE/TOMATO_SAUCE0075.png,TOMATO_SAUCE
PASTA/PASTA0031.png,PASTA
TEA/TEA0208.png,TEA
FISH/FISH0098.png,FISH
NUTS/NUTS0086.png,NUTS
CHOCOLATE/CHOCOLATE0184.png,CHOCOLATE
CHIPS/CHIPS0140.png,CHIPS
RICE/RICE0124.png,RICE
OIL/OIL0029.png,OIL
CHOCOLATE/CHOCOLATE0215.png,CHOCOLATE
CANDY/CANDY0343.png,CANDY
CANDY/CANDY0164.png,CANDY
NUTS/NUTS0152.png,NUTS
CHOCOLATE/CHOCOLATE0047.png,CHOCOLATE
CANDY/CANDY0042.png,CANDY
CORN/CORN0011.png,CORN
CANDY/CANDY0127.png,CANDY
CAKE/CAKE0158.png,CAKE
NUTS/NUTS0105.png,NUTS
COFFEE/COFFEE0297.png,COFFEE
SODA/SODA0135.png,SODA
CANDY/CANDY0108.png,CANDY
HONEY/HONEY0077.png,HONEY
JAM/JAM0208.png,JAM
PASTA/PASTA0161.png,PASTA
WATER/WATER0246.png,WATER
CANDY/CANDY0180.png,CANDY
SPICES/SPICES0091.png,SPICES
JUICE/JUICE0177.png,JUICE
VINEGAR/VINEGAR0059.png,VINEGAR
MILK/MILK0053.png,MILK
SPICES/SPICES0129.png,SPICES
CHOCOLATE/CHOCOLATE0129.png,CHOCOLATE
BEANS/BEANS0040.png,BEANS
CANDY/CANDY0136.png,CANDY
RICE/RICE0118.png,RICE
CHOCOLATE/CHOCOLATE0081.png,CHOCOLATE
HONEY/HONEY0023.png,HONEY
CAKE/CAKE0021.png,CAKE
COFFEE/COFFEE0215.png,COFFEE
RICE/RICE0142.png,RICE
SODA/SODA0104.png,SODA
BEANS/BEANS0047.png,BEANS
MILK/MILK0145.png,MILK
SPICES/SPICES0029.png,SPICES
JAM/JAM0166.png,JAM
SPICES/SPICES0127.png,SPICES
PASTA/PASTA0061.png,PASTA
CAKE/CAKE0094.png,CAKE
CANDY/CANDY0049.png,CANDY
CHIPS/CHIPS0035.png,CHIPS
MILK/MILK0022.png,MILK
CANDY/CANDY0334.png,CANDY
CHOCOLATE/CHOCOLATE0126.png,CHOCOLATE
CAKE/CAKE0049.png,CAKE
CAKE/CAKE0053.png,CAKE
CEREAL/CEREAL0276.png,CEREAL
CAKE/CAKE0138.png,CAKE
CANDY/CANDY0064.png,CANDY
SPICES/SPICES0133.png,SPICES
VINEGAR/VINEGAR0026.png,VINEGAR
WATER/WATER0006.png,WATER
TOMATO_SAUCE/TOMATO_SAUCE0148.png,TOMATO_SAUCE
FISH/FISH0002.png,FISH
SPICES/SPICES0101.png,SPICES
JAM/JAM0202.png,JAM
FISH/FISH0009.png,FISH
COFFEE/COFFEE0113.png,COFFEE
VINEGAR/VINEGAR0027.png,VINEGAR
CEREAL/CEREAL0110.png,CEREAL
OIL/OIL0141.png,OIL
MILK/MILK0041.png,MILK
CAKE/CAKE0089.png,CAKE
WATER/WATER0102.png,WATER
TEA/TEA0155.png,TEA
JAM/JAM0109.png,JAM
OIL/OIL0028.png,OIL
SPICES/SPICES0052.png,SPICES
CANDY/CANDY0070.png,CANDY
NUTS/NUTS0149.png,NUTS
CHOCOLATE/CHOCOLATE0155.png,CHOCOLATE
SODA/SODA0011.png,SODA
HONEY/HONEY0033.png,HONEY
SODA/SODA0000.png,SODA
SPICES/SPICES0123.png,SPICES
CHIPS/CHIPS0004.png,CHIPS
HONEY/HONEY0172.png,HONEY
NUTS/NUTS0053.png,NUTS
SPICES/SPICES0083.png,SPICES
BEANS/BEANS0134.png,BEANS
JUICE/JUICE0228.png,JUICE
HONEY/HONEY0149.png,HONEY
OIL/OIL0100.png,OIL
CHIPS/CHIPS0113.png,CHIPS
COFFEE/COFFEE0146.png,COFFEE
JUICE/JUICE0009.png,JUICE
TEA/TEA0008.png,TEA
NUTS/NUTS0004.png,NUTS
CANDY/CANDY0316.png,CANDY
CEREAL/CEREAL0151.png,CEREAL
TOMATO_SAUCE/TOMATO_SAUCE0025.png,TOMATO_SAUCE
RICE/RICE0090.png,RICE
COFFEE/COFFEE0148.png,COFFEE
JUICE/JUICE0092.png,JUICE
FISH/FISH0054.png,FISH
FLOUR/FLOUR0061.png,FLOUR
OIL/OIL0107.png,OIL
CHIPS/CHIPS0155.png,CHIPS
PASTA/PASTA0106.png,PASTA
CHIPS/CHIPS0011.png,CHIPS
MILK/MILK0146.png,MILK
FLOUR/FLOUR0038.png,FLOUR
OIL/OIL0039.png,OIL
COFFEE/COFFEE0196.png,COFFEE
PASTA/PASTA0004.png,PASTA
JUICE/JUICE0166.png,JUICE
TEA/TEA0175.png,TEA
MILK/MILK0044.png,MILK
CAKE/CAKE0124.png,CAKE
COFFEE/COFFEE0114.png,COFFEE
SPICES/SPICES0017.png,SPICES
HONEY/HONEY0110.png,HONEY
HONEY/HONEY0181.png,HONEY
WATER/WATER0129.png,WATER
BEANS/BEANS0005.png,BEANS
CHOCOLATE/CHOCOLATE0087.png,CHOCOLATE
JUICE/JUICE0159.png,JUICE
VINEGAR/VINEGAR0011.png,VINEGAR
TEA/TEA0022.png,TEA
PASTA/PASTA0097.png,PASTA
WATER/WATER0243.png,WATER
TOMATO_SAUCE/TOMATO_SAUCE0059.png,TOMATO_SAUCE
MILK/MILK0021.png,MILK
CEREAL/CEREAL0218.png,CEREAL
CANDY/CANDY0221.png,CANDY
OIL/OIL0129.png,OIL
CORN/CORN0004.png,CORN
CEREAL/CEREAL0092.png,CEREAL
WATER/WATER0067.png,WATER
HONEY/HONEY0161.png,HONEY
CANDY/CANDY0344.png,CANDY
WATER/WATER0229.png,WATER
SODA/SODA0078.png,SODA
FLOUR/FLOUR0004.png,FLOUR
BEANS/BEANS0082.png,BEANS
WATER/WATER0196.png,WATER
CANDY/CANDY0147.png,CANDY
MILK/MILK0127.png,MILK
CEREAL/CEREAL0229.png,CEREAL
COFFEE/COFFEE0076.png,COFFEE
VINEGAR/VINEGAR0119.png,VINEGAR
TOMATO_SAUCE/TOMATO_SAUCE0123.png,TOMATO_SAUCE
CEREAL/CEREAL0244.png,CEREAL
RICE/RICE0049.png,RICE
TEA/TEA0158.png,TEA
MILK/MILK0072.png,MILK
TEA/TEA0016.png,TEA
PASTA/PASTA0038.png,PASTA
SPICES/SPICES0089.png,SPICES
BEANS/BEANS0117.png,BEANS
CHOCOLATE/CHOCOLATE0060.png,CHOCOLATE
JAM/JAM0054.png,JAM
CEREAL/CEREAL0266.png,CEREAL
PASTA/PASTA0078.png,PASTA
OIL/OIL0068.png,OIL
WATER/WATER0071.png,WATER
BEANS/BEANS0095.png,BEANS
FISH/FISH0105.png,FISH
JUICE/JUICE0006.png,JUICE
SODA/SODA0145.png,SODA
CHOCOLATE/CHOCOLATE0196.png,CHOCOLATE
CANDY/CANDY0230.png,CANDY
CHOCOLATE/CHOCOLATE0063.png,CHOCOLATE
SUGAR/SUGAR0020.png,SUGAR
FLOUR/FLOUR0029.png,FLOUR
HONEY/HONEY0150.png,HONEY
CHOCOLATE/CHOCOLATE0296.png,CHOCOLATE
CORN/CORN0030.png,CORN
SPICES/SPICES0043.png,SPICES
MILK/MILK0007.png,MILK
COFFEE/COFFEE0030.png,COFFEE
CEREAL/CEREAL0189.png,CEREAL
WATER/WATER0131.png,WATER
FISH/FISH0033.png,FISH
CAKE/CAKE0080.png,CAKE
TOMATO_SAUCE/TOMATO_SAUCE0140.png,TOMATO_SAUCE
SODA/SODA0051.png,SODA
CEREAL/CEREAL0175.png,CEREAL
FISH/FISH0076.png,FISH
CORN/CORN0074.png,CORN
CORN/CORN0059.png,CORN
FLOUR/FLOUR0031.png,FLOUR
JUICE/JUICE0291.png,JUICE
CHOCOLATE/CHOCOLATE0011.png,CHOCOLATE
SUGAR/SUGAR0023.png,SUGAR
SUGAR/SUGAR0008.png,SUGAR
CANDY/CANDY0209.png,CANDY
CORN/CORN0015.png,CORN
CHOCOLATE/CHOCOLATE0032.png,CHOCOLATE
FISH/FISH0066.png,FISH
COFFEE/COFFEE0175.png,COFFEE
JUICE/JUICE0230.png,JUICE
JAM/JAM0091.png,JAM
COFFEE/COFFEE0178.png,COFFEE
TEA/TEA0089.png,TEA
CEREAL/CEREAL0226.png,CEREAL
BEANS/BEANS0034.png,BEANS
HONEY/HONEY0018.png,HONEY
CORN/CORN0045.png,CORN
CHIPS/CHIPS0083.png,CHIPS
CHIPS/CHIPS0125.png,CHIPS
JUICE/JUICE0077.png,JUICE
OIL/OIL0127.png,OIL
WATER/WATER0108.png,WATER
JAM/JAM0057.png,JAM
COFFEE/COFFEE0111.png,COFFEE
SPICES/SPICES0083.png,SPICES
VINEGAR/VINEGAR0017.png,VINEGAR
CANDY/CANDY0094.png,CANDY
SUGAR/SUGAR0090.png,SUGAR
CAKE/CAKE0102.png,CAKE
TEA/TEA0226.png,TEA
WATER/WATER0206.png,WATER
HONEY/HONEY0105.png,HONEY
MILK/MILK0122.png,MILK
CORN/CORN0076.png,CORN
JAM/JAM0217.png,JAM
CAKE/CAKE0107.png,CAKE
CHOCOLATE/CHOCOLATE0030.png,CHOCOLATE
MILK/MILK0119.png,MILK
BEANS/BEANS0042.png,BEANS
CEREAL/CEREAL0082.png,CEREAL
FISH/FISH0049.png,FISH
CHOCOLATE/CHOCOLATE0033.png,CHOCOLATE
BEANS/BEANS0061.png,BEANS
TOMATO_SAUCE/TOMATO_SAUCE0029.png,TOMATO_SAUCE
JUICE/JUICE0081.png,JUICE
TEA/TEA0063.png,TEA
WATER/WATER0083.png,WATER
CAKE/CAKE0033.png,CAKE
COFFEE/COFFEE0106.png,COFFEE
CANDY/CANDY0179.png,CANDY
CHIPS/CHIPS0097.png,CHIPS
BEANS/BEANS0044.png,BEANS
VINEGAR/VINEGAR0137.png,VINEGAR
CAKE/CAKE0060.png,CAKE
CEREAL/CEREAL0137.png,CEREAL
BEANS/BEANS0079.png,BEANS
FISH/FISH0000.png,FISH
CHIPS/CHIPS0141.png,CHIPS
MILK/MILK0018.png,MILK
SODA/SODA0003.png,SODA
TEA/TEA0024.png,TEA
COFFEE/COFFEE0009.png,COFFEE
JUICE/JUICE0071.png,JUICE
SODA/SODA0057.png,SODA
JUICE/JUICE0023.png,JUICE
SPICES/SPICES0105.png,SPICES
CANDY/CANDY0063.png,CANDY
COFFEE/COFFEE0144.png,COFFEE
CEREAL/CEREAL0058.png,CEREAL
CHIPS/CHIPS0166.png,CHIPS
CANDY/CANDY0015.png,CANDY
CHIPS/CHIPS0013.png,CHIPS
JAM/JAM0019.png,JAM
COFFEE/COFFEE0117.png,COFFEE
OIL/OIL0080.png,OIL
TOMATO_SAUCE/TOMATO_SAUCE0102.png,TOMATO_SAUCE
TOMATO_SAUCE/TOMATO_SAUCE0098.png,TOMATO_SAUCE
COFFEE/COFFEE0290.png,COFFEE
COFFEE/COFFEE0273.png,COFFEE
TEA/TEA0132.png,TEA
TEA/TEA0064.png,TEA
CORN/CORN0073.png,CORN
SPICES/SPICES0130.png,SPICES
CHOCOLATE/CHOCOLATE0175.png,CHOCOLATE
SODA/SODA0048.png,SODA
JAM/JAM0067.png,JAM
FLOUR/FLOUR0013.png,FLOUR
FLOUR/FLOUR0061.png,FLOUR
CHOCOLATE/CHOCOLATE0252.png,CHOCOLATE
RICE/RICE0055.png,RICE
VINEGAR/VINEGAR0043.png,VINEGAR
SPICES/SPICES0028.png,SPICES
CAKE/CAKE0014.png,CAKE
TEA/TEA0017.png,TEA
CHIPS/CHIPS0151.png,CHIPS
COFFEE/COFFEE0098.png,COFFEE
JAM/JAM0008.png,JAM
JUICE/JUICE0180.png,JUICE
PASTA/PASTA0069.png,PASTA
WATER/WATER0017.png,WATER
CHIPS/CHIPS0041.png,CHIPS
HONEY/HONEY0165.png,HONEY
OIL/OIL0057.png,OIL
NUTS/NUTS0153.png,NUTS
CHOCOLATE/CHOCOLATE0267.png,CHOCOLATE
RICE/RICE0023.png,RICE
COFFEE/COFFEE0216.png,COFFEE
JUICE/JUICE0062.png,JUICE
BEANS/BEANS0056.png,BEANS
CORN/CORN0028.png,CORN
OIL/OIL0106.png,OIL
VINEGAR/VINEGAR0112.png,VINEGAR
MILK/MILK0002.png,MILK
MILK/MILK0046.png,MILK
SUGAR/SUGAR0042.png,SUGAR
OIL/OIL0078.png,OIL
JUICE/JUICE0278.png,JUICE
COFFEE/COFFEE0268.png,COFFEE
FLOUR/FLOUR0079.png,FLOUR
CEREAL/CEREAL0034.png,CEREAL
VINEGAR/VINEGAR0009.png,VINEGAR
NUTS/NUTS0029.png,NUTS
BEANS/BEANS0023.png,BEANS
FISH/FISH0089.png,FISH
CORN/CORN0051.png,CORN
CEREAL/CEREAL0165.png,CEREAL
WATER/WATER0084.png,WATER
JAM/JAM0065.png,JAM
WATER/WATER0121.png,WATER
CORN/CORN0044.png,CORN
JUICE/JUICE0067.png,JUICE
CANDY/CANDY0050.png,CANDY
CHOCOLATE/CHOCOLATE0303.png,CHOCOLATE
OIL/OIL0139.png,OIL
SODA/SODA0032.png,SODA
FISH/FISH0012.png,FISH
CORN/CORN0083.png,CORN
OIL/OIL0082.png,OIL
SPICES/SPICES0077.png,SPICES
SPICES/SPICES0034.png,SPICES
NUTS/NUTS0055.png,NUTS
JUICE/JUICE0173.png,JUICE
PASTA/PASTA0060.png,PASTA
FLOUR/FLOUR0028.png,FLOUR
CHIPS/CHIPS0130.png,CHIPS
SODA/SODA0007.png,SODA
JUICE/JUICE0133.png,JUICE
FISH/FISH0004.png,FISH
RICE/RICE0112.png,RICE
CHIPS/CHIPS0121.png,CHIPS
PASTA/PASTA0113.png,PASTA
OIL/OIL0012.png,OIL
CEREAL/CEREAL0024.png,CEREAL
WATER/WATER0182.png,WATER
WATER/WATER0216.png,WATER
COFFEE/COFFEE0045.png,COFFEE
WATER/WATER0034.png,WATER
JUICE/JUICE0269.png,JUICE
MILK/MILK0064.png,MILK
CORN/CORN0087.png,CORN
HONEY/HONEY0169.png,HONEY
BEANS/BEANS0094.png,BEANS
CAKE/CAKE0006.png,CAKE
CAKE/CAKE0017.png,CAKE
SODA/SODA0137.png,SODA
NUTS/NUTS0157.png,NUTS
WATER/WATER0100.png,WATER
CEREAL/CEREAL0059.png,CEREAL
SODA/SODA0138.png,SODA
JUICE/JUICE0295.png,JUICE
COFFEE/COFFEE0167.png,COFFEE
TOMATO_SAUCE/TOMATO_SAUCE0115.png,TOMATO_SAUCE
COFFEE/COFFEE0080.png,COFFEE
OIL/OIL0096.png,OIL
CORN/CORN0037.png,CORN
JAM/JAM0122.png,JAM
FISH/FISH0038.png,FISH
CANDY/CANDY0146.png,CANDY
CEREAL/CEREAL0087.png,CEREAL
SODA/SODA0047.png,SODA
COFFEE/COFFEE0163.png,COFFEE
CANDY/CANDY0171.png,CANDY
CANDY/CANDY0156.png,CANDY
VINEGAR/VINEGAR0123.png,VINEGAR
NUTS/NUTS0006.png,NUTS
VINEGAR/VINEGAR0146.png,VINEGAR
VINEGAR/VINEGAR0024.png,VINEGAR
CAKE/CAKE0134.png,CAKE
CANDY/CANDY0069.png,CANDY
WATER/WATER0029.png,WATER
JUICE/JUICE0226.png,JUICE
CANDY/CANDY0256.png,CANDY
CANDY/CANDY0007.png,CANDY
CANDY/CANDY0293.png,CANDY
JAM/JAM0231.png,JAM
CHIPS/CHIPS0089.png,CHIPS
WATER/WATER0077.png,WATER
FLOUR/FLOUR0033.png,FLOUR
TOMATO_SAUCE/TOMATO_SAUCE0014.png,TOMATO_SAUCE
SUGAR/SUGAR0091.png,SUGAR
TOMATO_SAUCE/TOMATO_SAUCE0127.png,TOMATO_SAUCE
SUGAR/SUGAR0056.png,SUGAR
SPICES/SPICES0100.png,SPICES
CAKE/CAKE0035.png,CAKE
TOMATO_SAUCE/TOMATO_SAUCE0087.png,TOMATO_SAUCE
CEREAL/CEREAL0152.png,CEREAL
BEANS/BEANS0124.png,BEANS
WATER/WATER0039.png,WATER
CHIPS/CHIPS0157.png,CHIPS
JAM/JAM0035.png,JAM
JUICE/JUICE0000.png,JUICE
NUTS/NUTS0150.png,NUTS
RICE/RICE0108.png,RICE
FLOUR/FLOUR0098.png,FLOUR
HONEY/HONEY0079.png,HONEY
WATER/WATER0181.png,WATER
JUICE/JUICE0204.png,JUICE
COFFEE/COFFEE0005.png,COFFEE
JAM/JAM0046.png,JAM
SPICES/SPICES0046.png,SPICES
RICE/RICE0054.png,RICE
COFFEE/COFFEE0104.png,COFFEE
TEA/TEA0247.png,TEA
COFFEE/COFFEE0179.png,COFFEE
SPICES/SPICES0087.png,SPICES
FISH/FISH0063.png,FISH
FISH/FISH0097.png,FISH
CHOCOLATE/CHOCOLATE0294.png,CHOCOLATE
FLOUR/FLOUR0025.png,FLOUR
CHIPS/CHIPS0002.png,CHIPS
CANDY/CANDY0036.png,CANDY
CANDY/CANDY0121.png,CANDY
JAM/JAM0154.png,JAM
PASTA/PASTA0154.png,PASTA
SODA/SODA0059.png,SODA
SODA/SODA0005.png,SODA
JAM/JAM0103.png,JAM
FLOUR/FLOUR0075.png,FLOUR
SPICES/SPICES0024.png,SPICES
SODA/SODA0040.png,SODA
CEREAL/CEREAL0162.png,CEREAL
SODA/SODA0033.png,SODA
JUICE/JUICE0281.png,JUICE
FISH/FISH0031.png,FISH
SODA/SODA0018.png,SODA
WATER/WATER0240.png,WATER
BEANS/BEANS0093.png,BEANS
JUICE/JUICE0256.png,JUICE
TOMATO_SAUCE/TOMATO_SAUCE0057.png,TOMATO_SAUCE
PASTA/PASTA0095.png,PASTA
MILK/MILK0147.png,MILK
NUTS/NUTS0001.png,NUTS
SUGAR/SUGAR0068.png,SUGAR
FISH/FISH0023.png,FISH
HONEY/HONEY0142.png,HONEY
FLOUR/FLOUR0043.png,FLOUR
WATER/WATER0171.png,WATER
CHIPS/CHIPS0147.png,CHIPS
OIL/OIL0012.png,OIL
SPICES/SPICES0116.png,SPICES
SPICES/SPICES0065.png,SPICES
WATER/WATER0013.png,WATER
BEANS/BEANS0128.png,BEANS
CHOCOLATE/CHOCOLATE0256.png,CHOCOLATE
RICE/RICE0039.png,RICE
SUGAR/SUGAR0050.png,SUGAR
HONEY/HONEY0024.png,HONEY
CEREAL/CEREAL0217.png,CEREAL
JAM/JAM0041.png,JAM
BEANS/BEANS0133.png,BEANS
FLOUR/FLOUR0019.png,FLOUR
CORN/CORN0091.png,CORN
FLOUR/FLOUR0052.png,FLOUR
PASTA/PASTA0013.png,PASTA
HONEY/HONEY0158.png,HONEY
HONEY/HONEY0012.png,HONEY
COFFEE/COFFEE0185.png,COFFEE
FLOUR/FLOUR0026.png,FLOUR
TOMATO_SAUCE/TOMATO_SAUCE0004.png,TOMATO_SAUCE
JUICE/JUICE0252.png,JUICE
RICE/RICE0140.png,RICE
SODA/SODA0097.png,SODA
CAKE/CAKE0089.png,CAKE
COFFEE/COFFEE0141.png,COFFEE
CHOCOLATE/CHOCOLATE0111.png,CHOCOLATE
CANDY/CANDY0336.png,CANDY
CHIPS/CHIPS0028.png,CHIPS
TEA/TEA0201.png,TEA
CANDY/CANDY0168.png,CANDY
JAM/JAM0175.png,JAM
CAKE/CAKE0069.png,CAKE
PASTA/PASTA0163.png,PASTA
PASTA/PASTA0170.png,PASTA
COFFEE/COFFEE0236.png,COFFEE
CORN/CORN0026.png,CORN
MILK/MILK0055.png,MILK
WATER/WATER0038.png,WATER
CORN/CORN0044.png,CORN
TEA/TEA0100.png,TEA
OIL/OIL0099.png,OIL
NUTS/NUTS0133.png,NUTS
SODA/SODA0120.png,SODA
CEREAL/CEREAL0150.png,CEREAL
MILK/MILK0112.png,MILK
JAM/JAM0163.png,JAM
CHIPS/CHIPS0130.png,CHIPS
CORN/CORN0000.png,CORN
JUICE/JUICE0035.png,JUICE
RICE/RICE0132.png,RICE
TOMATO_SAUCE/TOMATO_SAUCE0085.png,TOMATO_SAUCE
WATER/WATER0032.png,WATER
CEREAL/CEREAL0002.png,CEREAL
CHOCOLATE/CHOCOLATE0218.png,CHOCOLATE
HONEY/HONEY0022.png,HONEY
JUICE/JUICE0289.png,JUICE
OIL/OIL0031.png,OIL
CHOCOLATE/CHOCOLATE0285.png,CHOCOLATE
WATER/WATER0204.png,WATER
COFFEE/COFFEE0225.png,COFFEE
TEA/TEA0146.png,TEA
CANDY/CANDY0078.png,CANDY
CHOCOLATE/CHOCOLATE0086.png,CHOCOLATE
TEA/TEA0074.png,TEA
PASTA/PASTA0138.png,PASTA
CEREAL/CEREAL0206.png,CEREAL
PASTA/PASTA0171.png,PASTA
CHIPS/CHIPS0098.png,CHIPS
JUICE/JUICE0032.png,JUICE
COFFEE/COFFEE0134.png,COFFEE
FLOUR/FLOUR0083.png,FLOUR
HONEY/HONEY0148.png,HONEY
HONEY/HONEY0139.png,HONEY
VINEGAR/VINEGAR0093.png,VINEGAR
CORN/CORN0040.png,CORN
JAM/JAM0018.png,JAM
CHOCOLATE/CHOCOLATE0124.png,CHOCOLATE
JUICE/JUICE0105.png,JUICE
MILK/MILK0090.png,MILK
CHIPS/CHIPS0014.png,CHIPS
HONEY/HONEY0055.png,HONEY
FLOUR/FLOUR0074.png,FLOUR
SODA/SODA0032.png,SODA
SODA/SODA0122.png,SODA
COFFEE/COFFEE0100.png,COFFEE
CHOCOLATE/CHOCOLATE0277.png,CHOCOLATE
COFFEE/COFFEE0042.png,COFFEE
OIL/OIL0009.png,OIL
CHIPS/CHIPS0088.png,CHIPS
COFFEE/COFFEE0060.png,COFFEE
SODA/SODA0092.png,SODA
HONEY/HONEY0140.png,HONEY
FISH/FISH0079.png,FISH
CANDY/CANDY0314.png,CANDY
PASTA/PASTA0151.png,PASTA
HONEY/HONEY0087.png,HONEY
SUGAR/SUGAR0029.png,SUGAR
SUGAR/SUGAR0105.png,SUGAR
BEANS/BEANS0052.png,BEANS
BEANS/BEANS0055.png,BEANS
TEA/TEA0047.png,TEA
FISH/FISH0040.png,FISH
JUICE/JUICE0195.png,JUICE
FLOUR/FLOUR0077.png,FLOUR
FISH/FISH0090.png,FISH
CEREAL/CEREAL0230.png,CEREAL
JUICE/JUICE0042.png,JUICE
CHIPS/CHIPS0009.png,CHIPS
VINEGAR/VINEGAR0000.png,VINEGAR
TEA/TEA0182.png,TEA
JAM/JAM0227.png,JAM
FLOUR/FLOUR0071.png,FLOUR
NUTS/NUTS0015.png,NUTS
CAKE/CAKE0147.png,CAKE
OIL/OIL0121.png,OIL
MILK/MILK0101.png,MILK
JAM/JAM0002.png,JAM
WATER/WATER0166.png,WATER
NUTS/NUTS0042.png,NUTS
CANDY/CANDY0282.png,CANDY
CEREAL/CEREAL0008.png,CEREAL
PASTA/PASTA0120.png,PASTA
TOMATO_SAUCE/TOMATO_SAUCE0107.png,TOMATO_SAUCE
CHOCOLATE/CHOCOLATE0230.png,CHOCOLATE
JAM/JAM0026.png,JAM
COFFEE/COFFEE0072.png,COFFEE
NUTS/NUTS0032.png,NUTS
BEANS/BEANS0132.png,BEANS
CHIPS/CHIPS0100.png,CHIPS
MILK/MILK0019.png,MILK
COFFEE/COFFEE0016.png,COFFEE
PASTA/PASTA0136.png,PASTA
MILK/MILK0028.png,MILK
FISH/FISH0074.png,FISH
SODA/SODA0099.png,SODA
HONEY/HONEY0016.png,HONEY
PASTA/PASTA0077.png,PASTA
CAKE/CAKE0154.png,CAKE
OIL/OIL0090.png,OIL
VINEGAR/VINEGAR0022.png,VINEGAR
SUGAR/SUGAR0090.png,SUGAR
FISH/FISH0090.png,FISH
MILK/MILK0123.png,MILK
SUGAR/SUGAR0073.png,SUGAR
SUGAR/SUGAR0083.png,SUGAR
CANDY/CANDY0081.png,CANDY
CEREAL/CEREAL0210.png,CEREAL
CORN/CORN0062.png,CORN
WATER/WATER0127.png,WATER
CEREAL/CEREAL0129.png,CEREAL
HONEY/HONEY0027.png,HONEY
SODA/SODA0093.png,SODA
COFFEE/COFFEE0221.png,COFFEE
CHOCOLATE/CHOCOLATE0178.png,CHOCOLATE
CHOCOLATE/CHOCOLATE0207.png,CHOCOLATE
VINEGAR/VINEGAR0011.png,VINEGAR
COFFEE/COFFEE0259.png,COFFEE
CHOCOLATE/CHOCOLATE0272.png,CHOCOLATE
TOMATO_SAUCE/TOMATO_SAUCE0005.png,TOMATO_SAUCE
CHOCOLATE/CHOCOLATE0177.png,CHOCOLATE
CHOCOLATE/CHOCOLATE0025.png,CHOCOLATE
TOMATO_SAUCE/TOMATO_SAUCE0064.png,TOMATO_SAUCE
MILK/MILK0124.png,MILK
CHIPS/CHIPS0062.png,CHIPS
TEA/TEA0058.png,TEA
TOMATO_SAUCE/TOMATO_SAUCE0052.png,TOMATO_SAUCE
CHIPS/CHIPS0143.png,CHIPS
COFFEE/COFFEE0051.png,COFFEE
SPICES/SPICES0096.png,SPICES
CHOCOLATE/CHOCOLATE0302.png,CHOCOLATE
HONEY/HONEY0041.png,HONEY
FISH/FISH0044.png,FISH
MILK/MILK0114.png,MILK
CHIPS/CHIPS0153.png,CHIPS
OIL/OIL0035.png,OIL
CANDY/CANDY0159.png,CANDY
FLOUR/FLOUR0057.png,FLOUR
WATER/WATER0219.png,WATER
TOMATO_SAUCE/TOMATO_SAUCE0124.png,TOMATO_SAUCE
SUGAR/SUGAR0035.png,SUGAR
JAM/JAM0056.png,JAM
CANDY/CANDY0302.png,CANDY
COFFEE/COFFEE0096.png,COFFEE
COFFEE/COFFEE0137.png,COFFEE
TOMATO_SAUCE/TOMATO_SAUCE0139.png,TOMATO_SAUCE
CAKE/CAKE0158.png,CAKE
TEA/TEA0148.png,TEA
BEANS/BEANS0060.png,BEANS
OIL/OIL0128.png,OIL
VINEGAR/VINEGAR0034.png,VINEGAR
FISH/FISH0085.png,FISH
JAM/JAM0114.png,JAM
MILK/MILK0064.png,MILK
WATER/WATER0148.png,WATER
FLOUR/FLOUR0036.png,FLOUR
TEA/TEA0121.png,TEA
SUGAR/SUGAR0060.png,SUGAR
CHOCOLATE/CHOCOLATE0187.png,CHOCOLATE
WATER/WATER0047.png,WATER
TOMATO_SAUCE/TOMATO_SAUCE0110.png,TOMATO_SAUCE
JAM/JAM0162.png,JAM
CANDY/CANDY0307.png,CANDY
COFFEE/COFFEE0237.png,COFFEE
CEREAL/CEREAL0254.png,CEREAL
OIL/OIL0066.png,OIL
CAKE/CAKE0024.png,CAKE
RICE/RICE0075.png,RICE
JUICE/JUICE0255.png,JUICE
SUGAR/SUGAR0011.png,SUGAR
JUICE/JUICE0234.png,JUICE
VINEGAR/VINEGAR0084.png,VINEGAR
FLOUR/FLOUR0028.png,FLOUR
VINEGAR/VINEGAR0015.png,VINEGAR
CHOCOLATE/CHOCOLATE0027.png,CHOCOLATE
VINEGAR/VINEGAR0143.png,VINEGAR
VINEGAR/VINEGAR0031.png,VINEGAR
PASTA/PASTA0064.png,PASTA
HONEY/HONEY0038.png,HONEY
JUICE/JUICE0224.png,JUICE
TEA/TEA0130.png,TEA
COFFEE/COFFEE0032.png,COFFEE
CORN/CORN0003.png,CORN
WATER/WATER0112.png,WATER
WATER/WATER0140.png,WATER
OIL/OIL0024.png,OIL
NUTS/NUTS0149.png,NUTS
NUTS/NUTS0164.png,NUTS
WATER/WATER0223.png,WATER
CEREAL/CEREAL0260.png,CEREAL
FLOUR/FLOUR0048.png,FLOUR
COFFEE/COFFEE0157.png,COFFEE
NUTS/NUTS0155.png,NUTS
CANDY/CANDY0142.png,CANDY
PASTA/PASTA0063.png,PASTA
MILK/MILK0019.png,MILK
NUTS/NUTS0159.png,NUTS
JAM/JAM0237.png,JAM
CHIPS/CHIPS0095.png,CHIPS
COFFEE/COFFEE0044.png,COFFEE
BEANS/BEANS0050.png,BEANS
PASTA/PASTA0156.png,PASTA
JAM/JAM0003.png,JAM
TOMATO_SAUCE/TOMATO_SAUCE0143.png,TOMATO_SAUCE
CHOCOLATE/CHOCOLATE0066.png,CHOCOLATE
RICE/RICE0008.png,RICE
CHOCOLATE/CHOCOLATE0003.png,CHOCOLATE
COFFEE/COFFEE0198.png,COFFEE
WATER/WATER0012.png,WATER
FLOUR/FLOUR0098.png,FLOUR
FLOUR/FLOUR0059.png,FLOUR
PASTA/PASTA0058.png,PASTA
FLOUR/FLOUR0082.png,FLOUR
TOMATO_SAUCE/TOMATO_SAUCE0135.png,TOMATO_SAUCE
TOMATO_SAUCE/TOMATO_SAUCE0082.png,TOMATO_SAUCE
COFFEE/COFFEE0226.png,COFFEE
OIL/OIL0030.png,OIL
CANDY/CANDY0000.png,CANDY
RICE/RICE0065.png,RICE
TOMATO_SAUCE/TOMATO_SAUCE0053.png,TOMATO_SAUCE
TOMATO_SAUCE/TOMATO_SAUCE0028.png,TOMATO_SAUCE
BEANS/BEANS0128.png,BEANS
NUTS/NUTS0005.png,NUTS
CHOCOLATE/CHOCOLATE0180.png,CHOCOLATE
RICE/RICE0067.png,RICE
SPICES/SPICES0044.png,SPICES
JAM/JAM0089.png,JAM
SUGAR/SUGAR0081.png,SUGAR
HONEY/HONEY0004.png,HONEY
JAM/JAM0156.png,JAM
WATER/WATER0167.png,WATER
COFFEE/COFFEE0000.png,COFFEE
CANDY/CANDY0083.png,CANDY
SUGAR/SUGAR0039.png,SUGAR
BEANS/BEANS0063.png,BEANS
SPICES/SPICES0131.png,SPICES
CHOCOLATE/CHOCOLATE0012.png,CHOCOLATE
HONEY/HONEY0133.png,HONEY
CAKE/CAKE0055.png,CAKE
SUGAR/SUGAR0026.png,SUGAR
CHIPS/CHIPS0021.png,CHIPS
SODA/SODA0086.png,SODA
CHOCOLATE/CHOCOLATE0246.png,CHOCOLATE
TEA/TEA0080.png,TEA
NUTS/NUTS0047.png,NUTS
NUTS/NUTS0083.png,NUTS
RICE/RICE0119.png,RICE
WATER/WATER0137.png,WATER
CAKE/CAKE0053.png,CAKE
CHOCOLATE/CHOCOLATE0247.png,CHOCOLATE
COFFEE/COFFEE0210.png,COFFEE
NUTS/NUTS0031.png,NUTS
WATER/WATER0061.png,WATER
SPICES/SPICES0109.png,SPICES
CORN/CORN0084.png,CORN
CHOCOLATE/CHOCOLATE0133.png,CHOCOLATE
BEANS/BEANS0067.png,BEANS
JUICE/JUICE0123.png,JUICE
MILK/MILK0012.png,MILK
SPICES/SPICES0002.png,SPICES
CHIPS/CHIPS0091.png,CHIPS
WATER/WATER0091.png,WATER
VINEGAR/VINEGAR0087.png,VINEGAR
CANDY/CANDY0303.png,CANDY
RICE/RICE0069.png,RICE
TEA/TEA0112.png,TEA
COFFEE/COFFEE0087.png,COFFEE
NUTS/NUTS0034.png,NUTS
SPICES/SPICES0048.png,SPICES
SODA/SODA0110.png,SODA
JAM/JAM0195.png,JAM
JAM/JAM0044.png,JAM
TEA/TEA0166.png,TEA
CAKE/CAKE0059.png,CAKE
RICE/RICE0047.png,RICE
CANDY/CANDY0353.png,CANDY
HONEY/HONEY0121.png,HONEY
CHOCOLATE/CHOCOLATE0078.png,CHOCOLATE
COFFEE/COFFEE0203.png,COFFEE
CANDY/CANDY0072.png,CANDY
CANDY/CANDY0172.png,CANDY
JUICE/JUICE0242.png,JUICE
RICE/RICE0029.png,RICE
JUICE/JUICE0098.png,JUICE
CEREAL/CEREAL0021.png,CEREAL
BEANS/BEANS0014.png,BEANS
CANDY/CANDY0048.png,CANDY
MILK/MILK0074.png,MILK
BEANS/BEANS0110.png,BEANS
SODA/SODA0001.png,SODA
JAM/JAM0007.png,JAM
CEREAL/CEREAL0050.png,CEREAL
CANDY/CANDY0100.png,CANDY
TEA/TEA0136.png,TEA
RICE/RICE0094.png,RICE
TEA/TEA0031.png,TEA
SODA/SODA0150.png,SODA
OIL/OIL0052.png,OIL
WATER/WATER0189.png,WATER
FLOUR/FLOUR0040.png,FLOUR
WATER/WATER0180.png,WATER
JAM/JAM0151.png,JAM
NUTS/NUTS0066.png,NUTS
CHOCOLATE/CHOCOLATE0143.png,CHOCOLATE
CANDY/CANDY0089.png,CANDY
CEREAL/CEREAL0173.png,CEREAL
TEA/TEA0156.png,TEA
WATER/WATER0101.png,WATER
JUICE/JUICE0036.png,JUICE
RICE/RICE0095.png,RICE
TOMATO_SAUCE/TOMATO_SAUCE0012.png,TOMATO_SAUCE
CEREAL/CEREAL0274.png,CEREAL
PASTA/PASTA0068.png,PASTA
FISH/FISH0023.png,FISH
FISH/FISH0076.png,FISH
CEREAL/CEREAL0135.png,CEREAL
TOMATO_SAUCE/TOMATO_SAUCE0109.png,TOMATO_SAUCE
JAM/JAM0233.png,JAM
TEA/TEA0205.png,TEA
VINEGAR/VINEGAR0124.png,VINEGAR
FLOUR/FLOUR0020.png,FLOUR
PASTA/PASTA0018.png,PASTA
CORN/CORN0061.png,CORN
COFFEE/COFFEE0128.png,COFFEE
MILK/MILK0003.png,MILK
OIL/OIL0048.png,OIL
PASTA/PASTA0100.png,PASTA
HONEY/HONEY0183.png,HONEY
CHIPS/CHIPS0177.png,CHIPS
MILK/MILK0000.png,MILK
PASTA/PASTA0008.png,PASTA
RICE/RICE0078.png,RICE
OIL/OIL0003.png,OIL
JAM/JAM0116.png,JAM
CHOCOLATE/CHOCOLATE0255.png,CHOCOLATE
VINEGAR/VINEGAR0149.png,VINEGAR
JAM/JAM0144.png,JAM
SUGAR/SUGAR0103.png,SUGAR
COFFEE/COFFEE0294.png,COFFEE
SODA/SODA0012.png,SODA
HONEY/HONEY0166.png,HONEY
PASTA/PASTA0051.png,PASTA
JUICE/JUICE0176.png,JUICE
OIL/OIL0065.png,OIL
FISH/FISH0090.png,FISH
COFFEE/COFFEE0248.png,COFFEE
COFFEE/COFFEE0062.png,COFFEE
RICE/RICE0037.png,RICE
SPICES/SPICES0064.png,SPICES
JUICE/JUICE0247.png,JUICE
CEREAL/CEREAL0125.png,CEREAL
CANDY/CANDY0207.png,CANDY
SUGAR/SUGAR0089.png,SUGAR
JAM/JAM0064.png,JAM
FISH/FISH0100.png,FISH
WATER/WATER0231.png,WATER
TEA/TEA0176.png,TEA
CHOCOLATE/CHOCOLATE0055.png,CHOCOLATE
SPICES/SPICES0053.png,SPICES
HONEY/HONEY0147.png,HONEY
NUTS/NUTS0146.png,NUTS
NUTS/NUTS0048.png,NUTS
CEREAL/CEREAL0237.png,CEREAL
NUTS/NUTS0077.png,NUTS
PASTA/PASTA0088.png,PASTA
BEANS/BEANS0049.png,BEANS
WATER/WATER0008.png,WATER
TOMATO_SAUCE/TOMATO_SAUCE0095.png,TOMATO_SAUCE
TEA/TEA0083.png,TEA
BEANS/BEANS0007.png,BEANS
CHIPS/CHIPS0052.png,CHIPS
COFFEE/COFFEE0038.png,COFFEE
JAM/JAM0236.png,JAM
OIL/OIL0079.png,OIL
FLOUR/FLOUR0108.png,FLOUR
RICE/RICE0019.png,RICE
COFFEE/COFFEE0246.png,COFFEE
CANDY/CANDY0138.png,CANDY
FISH/FISH0094.png,FISH
CHOCOLATE/CHOCOLATE0262.png,CHOCOLATE
VINEGAR/VINEGAR0106.png,VINEGAR
MILK/MILK0144.png,MILK
COFFEE/COFFEE0156.png,COFFEE
CEREAL/CEREAL0085.png,CEREAL
JUICE/JUICE0037.png,JUICE
CANDY/CANDY0017.png,CANDY
PASTA/PASTA0091.png,PASTA
TEA/TEA0108.png,TEA
CHIPS/CHIPS0017.png,CHIPS
VINEGAR/VINEGAR0016.png,VINEGAR
TOMATO_SAUCE/TOMATO_SAUCE0047.png,TOMATO_SAUCE
WATER/WATER0123.png,WATER
RICE/RICE0066.png,RICE
HONEY/HONEY0088.png,HONEY
HONEY/HONEY0057.png,HONEY
VINEGAR/VINEGAR0063.png,VINEGAR
WATER/WATER0207.png,WATER
SUGAR/SUGAR0058.png,SUGAR
WATER/WATER0247.png,WATER
CHOCOLATE/CHOCOLATE0229.png,CHOCOLATE
JUICE/JUICE0212.png,JUICE
NUTS/NUTS0026.png,NUTS
TEA/TEA0035.png,TEA
CAKE/CAKE0043.png,CAKE
FLOUR/FLOUR0057.png,FLOUR
HONEY/HONEY0153.png,HONEY
JAM/JAM0013.png,JAM
NUTS/NUTS0149.png,NUTS
JUICE/JUICE0267.png,JUICE
SPICES/SPICES0004.png,SPICES
SUGAR/SUGAR0054.png,SUGAR
VINEGAR/VINEGAR0118.png,VINEGAR
OIL/OIL0035.png,OIL
BEANS/BEANS0129.png,BEANS
BEANS/BEANS0096.png,BEANS
OIL/OIL0084.png,OIL
RICE/RICE0115.png,RICE
OIL/OIL0008.png,OIL
CEREAL/CEREAL0016.png,CEREAL
SPICES/SPICES0134.png,SPICES
MILK/MILK0129.png,MILK
CANDY/CANDY0088.png,CANDY
CEREAL/CEREAL0049.png,CEREAL
VINEGAR/VINEGAR0144.png,VINEGAR
NUTS/NUTS0082.png,NUTS
OIL/OIL0020.png,OIL
WATER/WATER0143.png,WATER
FLOUR/FLOUR0059.png,FLOUR
CAKE/CAKE0117.png,CAKE
RICE/RICE0139.png,RICE
SODA/SODA0090.png,SODA
OIL/OIL0010.png,OIL
MILK/MILK0093.png,MILK
CHIPS/CHIPS0001.png,CHIPS
CANDY/CANDY0173.png,CANDY
RICE/RICE0027.png,RICE
CEREAL/CEREAL0198.png,CEREAL
BEANS/BEANS0122.png,BEANS
JAM/JAM0092.png,JAM
TEA/TEA0152.png,TEA
NUTS/NUTS0016.png,NUTS
RICE/RICE0058.png,RICE
FISH/FISH0027.png,FISH
NUTS/NUTS0138.png,NUTS
CHOCOLATE/CHOCOLATE0130.png,CHOCOLATE
BEANS/BEANS0099.png,BEANS
CANDY/CANDY0331.png,CANDY
CEREAL/CEREAL0012.png,CEREAL
JAM/JAM0066.png,JAM
HONEY/HONEY0184.png,HONEY
CHOCOLATE/CHOCOLATE0069.png,CHOCOLATE
CANDY/CANDY0231.png,CANDY
SUGAR/SUGAR0077.png,SUGAR
RICE/RICE0103.png,RICE
JUICE/JUICE0058.png,JUICE
FLOUR/FLOUR0052.png,FLOUR
TEA/TEA0118.png,TEA
TEA/TEA0235.png,TEA
CHIPS/CHIPS0174.png,CHIPS
COFFEE/COFFEE0091.png,COFFEE
NUTS/NUTS0112.png,NUTS
SPICES/SPICES0145.png,SPICES
SODA/SODA0096.png,SODA
CHIPS/CHIPS0024.png,CHIPS
VINEGAR/VINEGAR0049.png,VINEGAR
WATER/WATER0226.png,WATER
PASTA/PASTA0079.png,PASTA
WATER/WATER0114.png,WATER
CEREAL/CEREAL0091.png,CEREAL
RICE/RICE0135.png,RICE
JAM/JAM0020.png,JAM
BEANS/BEANS0023.png,BEANS
CHOCOLATE/CHOCOLATE0052.png,CHOCOLATE
CHIPS/CHIPS0172.png,CHIPS
SUGAR/SUGAR0088.png,SUGAR
FISH/FISH0088.png,FISH
JUICE/JUICE0060.png,JUICE
RICE/RICE0045.png,RICE
JUICE/JUICE0005.png,JUICE
CHOCOLATE/CHOCOLATE0159.png,CHOCOLATE
CANDY/CANDY0032.png,CANDY
COFFEE/COFFEE0020.png,COFFEE
BEANS/BEANS0104.png,BEANS
SPICES/SPICES0143.png,SPICES
TOMATO_SAUCE/TOMATO_SAUCE0025.png,TOMATO_SAUCE
TEA/TEA0170.png,TEA
FLOUR/FLOUR0080.png,FLOUR
BEANS/BEANS0024.png,BEANS
SPICES/SPICES0021.png,SPICES
PASTA/PASTA0033.png,PASTA
RICE/RICE0044.png,RICE
JAM/JAM0053.png,JAM
SUGAR/SUGAR0044.png,SUGAR
CHIPS/CHIPS0034.png,CHIPS
SPICES/SPICES0097.png,SPICES
COFFEE/COFFEE0200.png,COFFEE
CHIPS/CHIPS0146.png,CHIPS
CANDY/CANDY0239.png,CANDY
CEREAL/CEREAL0066.png,CEREAL
PASTA/PASTA0113.png,PASTA
NUTS/NUTS0110.png,NUTS
CAKE/CAKE0035.png,CAKE
NUTS/NUTS0094.png,NUTS
SODA/SODA0147.png,SODA
CEREAL/CEREAL0141.png,CEREAL
CEREAL/CEREAL0204.png,CEREAL
RICE/RICE0122.png,RICE
PASTA/PASTA0126.png,PASTA
CEREAL/CEREAL0224.png,CEREAL
CAKE/CAKE0155.png,CAKE
CHOCOLATE/CHOCOLATE0098.png,CHOCOLATE
BEANS/BEANS0045.png,BEANS
JAM/JAM0224.png,JAM
CAKE/CAKE0142.png,CAKE
SPICES/SPICES0071.png,SPICES
CEREAL/CEREAL0101.png,CEREAL
RICE/RICE0134.png,RICE
CHOCOLATE/CHOCOLATE0243.png,CHOCOLATE
MILK/MILK0108.png,MILK
MILK/MILK0058.png,MILK
SUGAR/SUGAR0053.png,SUGAR
MILK/MILK0161.png,MILK
CANDY/CANDY0157.png,CANDY
TEA/TEA0225.png,TEA
FISH/FISH0015.png,FISH
WATER/WATER0025.png,WATER
JAM/JAM0010.png,JAM
CHOCOLATE/CHOCOLATE0300.png,CHOCOLATE
SPICES/SPICES0031.png,SPICES
CEREAL/CEREAL0184.png,CEREAL
WATER/WATER0031.png,WATER
TEA/TEA0088.png,TEA
RICE/RICE0005.png,RICE
HONEY/HONEY0102.png,HONEY
CEREAL/CEREAL0088.png,CEREAL
CHIPS/CHIPS0063.png,CHIPS
CEREAL/CEREAL0022.png,CEREAL
CHOCOLATE/CHOCOLATE0210.png,CHOCOLATE
COFFEE/COFFEE0088.png,COFFEE
SPICES/SPICES0050.png,SPICES
NUTS/NUTS0074.png,NUTS
CANDY/CANDY0030.png,CANDY
CHOCOLATE/CHOCOLATE0128.png,CHOCOLATE
CHIPS/CHIPS0094.png,CHIPS
JUICE/JUICE0194.png,JUICE
CEREAL/CEREAL0143.png,CEREAL
FLOUR/FLOUR0022.png,FLOUR
MILK/MILK0042.png,MILK
BEANS/BEANS0030.png,BEANS
RICE/RICE0036.png,RICE
MILK/MILK0132.png,MILK
MILK/MILK0056.png,MILK
WATER/WATER0007.png,WATER
MILK/MILK0087.png,MILK
FLOUR/FLOUR0050.png,FLOUR
FISH/FISH0105.png,FISH
WATER/WATER0230.png,WATER
HONEY/HONEY0042.png,HONEY
JAM/JAM0198.png,JAM
NUTS/NUTS0079.png,NUTS
CHOCOLATE/CHOCOLATE0279.png,CHOCOLATE
RICE/RICE0001.png,RICE
HONEY/HONEY0123.png,HONEY
COFFEE/COFFEE0282.png,COFFEE
NUTS/NUTS0099.png,NUTS
CANDY/CANDY0163.png,CANDY
CAKE/CAKE0158.png,CAKE
OIL/OIL0100.png,OIL
SPICES/SPICES0146.png,SPICES
RICE/RICE0039.png,RICE
HONEY/HONEY0058.png,HONEY
HONEY/HONEY0044.png,HONEY
SPICES/SPICES0035.png,SPICES
HONEY/HONEY0020.png,HONEY
CHIPS/CHIPS0154.png,CHIPS
PASTA/PASTA0041.png,PASTA
OIL/OIL0015.png,OIL
PASTA/PASTA0142.png,PASTA
COFFEE/COFFEE0043.png,COFFEE
TOMATO_SAUCE/TOMATO_SAUCE0078.png,TOMATO_SAUCE
CAKE/CAKE0060.png,CAKE
COFFEE/COFFEE0283.png,COFFEE
BEANS/BEANS0129.png,BEANS
SODA/SODA0087.png,SODA
NUTS/NUTS0003.png,NUTS
TEA/TEA0076.png,TEA
CANDY/CANDY0354.png,CANDY
FISH/FISH0049.png,FISH
SPICES/SPICES0088.png,SPICES
CAKE/CAKE0074.png,CAKE
CAKE/CAKE0091.png,CAKE
FLOUR/FLOUR0063.png,FLOUR
JUICE/JUICE0014.png,JUICE
SODA/SODA0132.png,SODA
JUICE/JUICE0185.png,JUICE
JAM/JAM0138.png,JAM
HONEY/HONEY0064.png,HONEY
WATER/WATER0233.png,WATER
RICE/RICE0148.png,RICE
NUTS/NUTS0123.png,NUTS
CHOCOLATE/CHOCOLATE0125.png,CHOCOLATE
SUGAR/SUGAR0079.png,SUGAR
CAKE/CAKE0149.png,CAKE
CHOCOLATE/CHOCOLATE0287.png,CHOCOLATE
HONEY/HONEY0136.png,HONEY
COFFEE/COFFEE0067.png,COFFEE
CANDY/CANDY0235.png,CANDY
CHOCOLATE/CHOCOLATE0106.png,CHOCOLATE
MILK/MILK0016.png,MILK
VINEGAR/VINEGAR0097.png,VINEGAR
CHOCOLATE/CHOCOLATE0017.png,CHOCOLATE
CAKE/CAKE0130.png,CAKE
HONEY/HONEY0076.png,HONEY
SUGAR/SUGAR0020.png,SUGAR
MILK/MILK0088.png,MILK
TOMATO_SAUCE/TOMATO_SAUCE0039.png,TOMATO_SAUCE
TOMATO_SAUCE/TOMATO_SAUCE0038.png,TOMATO_SAUCE
CEREAL/CEREAL0070.png,CEREAL
FLOUR/FLOUR0048.png,FLOUR
